ERR188021,,,B*41:02:01,B*57:01:01,C*06:02:01,C*17:03,DRB1*04:07:01,DRB1*13:03:01,DQA1*05:05:01,DQA1*03:03:01,DQB1*03:01:01,,DPA1*01:03:01,DPA1*02:01:01,DPB1*17:01,DPB1*04:01:01,,,,DMB*01:01:01,DOA*01:01:04,DOA*01:01:01,DOB*01:02:01,DOB*01:01:03,,,,,DRA*01:02:02,DRA*01:01:02,DRB3*01:01:02,,,DRB4*01:03:01,,,,,,DRB8*01:01,,E*01:01:01,E*01:03:02,F*01:01:03,,,,,,,,,,,,,,,,,,,,,,,,,,H*02:01:01,H*02:04,,,K*01:01:01,,,,L*01:01:01,,,,,
ERR188023,,,B*13:02:01,B*56:01:01,,,DRB1*04:01:01,DRB1*07:01:01,DQA1*02:01,DQA1*03:01:01,DQB1*03:02:01,DQB1*02:02:01,DPA1*01:03:01,,,DPB1*04:01:01,DMA*01:01:01,DMA*01:02,,DMB*01:01:01,,,DOB*01:02:01,DOB*01:01:01,,,,,,DRA*01:01:01,DRB3*01:15,,DRB4*01:03:01,DRB4*01:03:01,DRB5*01:14,,,,,DRB8*01:01,DRB9*01:01,E*01:01:01,,F*01:01:03,F*01:01:01,,,,,,,,,,,,,,,,,,,,,,,,,H*02:04,,,,K*01:02,K*01:03,K*01:02,K*01:01:01,L*01:01:01,,,,,
ERR188025,A*31:01:02,A*03:01:01,B*44:27:01,B*51:01:01,C*01:02:01,C*07:04:01,DRB1*13:01:01,DRB1*15:07:01,DQA1*01:02:02,DQA1*01:03:01,DQB1*06:03:01,DQB1*05:02:01,DPA1*01:03:01,,,DPB1*02:01:02,DMA*01:01:01,,,DMB*01:01:01,DOA*01:01:02,DOA*01:01:01,DOB*01:01:03,,,,,,DRA*01:01:01,DRA*01:02:02,DRB3*01:01:02,,,,DRB5*02:02,DRB5*01:02,,,,,,E*01:03:02,E*01:03:01,F*01:01:03,F*01:03:01,,,,,,,,,,,,,,,,,,,,,,,,,H*02:04,H*02:03,,,K*01:01:01,K*01:01:01,,,L*01:02,,,,,
ERR188026,A*02:05:01,A*24:02:01,B*56:25,B*15:17:01,C*01:02:01,C*07:304,DRB1*11:01:01,DRB1*13:02:01,DQA1*05:05:01,DQA1*01:02:01,DQB1*06:04:01,DQB1*03:01:01,DPA1*01:03:01,,DPB1*02:01:02,DPB1*04:02:01,DMA*01:01:01,,,DMB*01:01:01,DOA*01:01:02,DOA*01:01:04,DOB*01:01:03,,,,,,,DRA*01:02:02,DRB3*03:01:01,DRB3*01:01:02,,,DRB5*01:13,,,,,,DRB9*01:01,E*01:01:01,E*01:03:01,F*01:01:02,F*01:01:01,,,,,,,,,,,,,,,,,,,,,,,,,,,,,K*01:02,,,,,,,,,
ERR188027,A*02:01:01,A*01:01:01,B*08:01:01,B*57:01:01,C*06:02:01,C*07:01:01,DRB1*03:01:01,DRB1*07:01:01,DQA1*02:01,DQA1*05:01:01,DQB1*03:03:02,DQB1*02:01:01,DPA1*01:03:01,,,DPB1*04:01:01,DMA*01:01:01,,DMB*01:01:01,DMB*01:03:01,DOA*01:01:04,DOA*01:01:01,DOB*01:01:03,DOB*01:04:01,,,,,DRA*01:01:02,DRA*01:02:02,DRB3*01:15,DRB3*01:14,DRB4*01:03:01,DRB4*01:03:04,,,,,,DRB8*01:01,DRB9*01:01,E*01:01:01,E*01:03:02,F*01:04,F*01:01:03,G*01:01:05,,,,,,,,,,,,,,,,,,,,,,,,H*02:01:01,H*01:01:01,J*01:01:01,,K*01:02,,,,L*01:01:01,,,,V*01:01:01,
ERR188028,A*02:01:01,A*32:01:01,B*57:01:01,B*14:01:01,C*08:02:01,C*06:02:01,DRB1*07:01:01,,,DQA1*02:01,DQB1*02:02:01,DQB1*03:03:02,DPA1*01:03:01,DPA1*02:02:02,DPB1*04:01:01,DPB1*04:02:01,DMA*01:01:01,,,DMB*01:03:01,DOA*01:01:04,DOA*01:01:02,DOB*01:01:01,DOB*01:04:01,,,,,DRA*01:01:01,DRA*01:01:02,DRB3*01:01:05,,DRB4*01:03:01,DRB4*02:01N,,,,,,DRB8*01:01,,E*01:01:01,,F*01:01:02,F*01:01:01,,,,,,,,,,,,,,,,,,,,,,,,,H*02:03,,,,K*01:02,K*01:01:01,,,L*01:01:02,L*01:02,,,,
ERR188029,A*29:02:01,A*03:01:01,B*47:01:01,B*44:03:01,C*06:02:01,C*16:01:01,DRB1*07:01:01,DRB1*15:01:01,DQA1*02:01,DQA1*01:02:01,DQB1*06:02:01,DQB1*02:02:01,DPA1*01:03:01,,DPB1*04:02:01,DPB1*04:01:01,DMA*01:01:01,,,DMB*01:01:01,DOA*01:01:04,DOA*01:01:02,DOB*01:01:03,DOB*01:01:01,,,,,DRA*01:01:01,DRA*01:02:03,,,DRB4*01:03:01,DRB4*01:01:01,DRB5*01:01:01,DRB5*01:11,,,,DRB8*01:01,,E*01:01:01,E*01:03:02,F*01:03:01,F*01:01:01,G*01:01:01,G*01:01:21,,,,,,,,,,,,,,,,,,,,,,,H*02:04,H*02:02,J*01:01:01,,K*01:03,K*01:01:01,,,L*01:02,L*01:01:01,,,,
ERR188030,A*23:17,A*36:01,B*35:01:01,B*49:01:01,C*04:01:01,C*07:01:02,DRB1*07:01:01,DRB1*03:01:01,DQA1*02:01,DQA1*01:05,DQB1*05:01:01,DQB1*02:02:01,DPA1*02:02:02,DPA1*02:01:01,DPB1*01:01:01,,DMA*01:01:01,DMA*01:02,DMB*01:01:01,,DOA*01:01:02,DOA*01:01:05,DOB*01:03,DOB*01:01:01,,,,,,DRA*01:01:01,DRB3*02:04,DRB3*02:10,DRB4*01:03:01,DRB4*01:01:01,,,,,,DRB8*01:01,,E*01:01:01,E*01:05,F*01:03:01,,,,,,,,,,,,,,,,,,,,,,,,,,H*02:04,H*02:03,,,K*01:01:01,,,,L*01:01:01,,,,,
ERR188031,A*02:01:01,,,B*15:01:01,C*04:01:01,C*03:04:01,DRB1*04:01:01,DRB1*01:01:01,DQA1*03:01:01,DQA1*01:01:01,DQB1*05:01:01,DQB1*03:02:01,DPA1*01:03:01,,DPB1*04:02:01,DPB1*04:01:01,DMA*01:01:01,,,DMB*01:01:01,DOA*01:01:01,DOA*01:01:02,DOB*01:02:01,DOB*01:01:01,,,,,,DRA*01:01:01,DRB3*01:15,,,DRB4*01:03:01,,,,,,,,E*01:03:02,,F*01:01:01,,G*01:01:08,G*01:01:01,G*01:01:21,,,,,,,,,,,,,,,,,,,,,,H*02:04,,,,K*01:02,,,,L*01:01:01,,,,,
ERR188032,A*23:01:01,A*03:01:01,B*14:01:01,B*07:02:01,C*08:02:01,C*07:02:01,DRB1*12:01:01,DRB1*15:01:01,DQA1*05:05:01,DQA1*01:02:01,DQB1*06:02:01,DQB1*03:01:01,DPA1*01:03:01,,DPB1*04:02:01,DPB1*04:01:01,,DMA*01:01:01,DMB*01:01:01,DMB*01:03:01,DOA*01:01:02,,DOB*01:01:01,DOB*01:04:01,,,,,DRA*01:02:03,DRA*01:02:02,DRB3*02:02:01,DRB3*03:01:03,,,DRB5*01:06,DRB5*01:01:01,,,,,,E*01:01:01,E*01:03:02,F*01:03:01,,,,,,,,,,,,,,,,,,,,,,,,,,H*02:04,,J*01:01:01,J*02:01,K*01:01:01,,,,L*01:01:01,L*01:02,,,,
ERR188033,A*03:01:01,A*01:01:21,B*08:01:01,B*35:01:01,C*04:01:01,C*07:01:01,DRB1*01:01:01,DRB1*15:01:01,DQA1*01:01:01,DQA1*01:02:01,DQB1*06:02:01,DQB1*05:01:01,DPA1*01:03:01,,DPB1*04:02:01,DPB1*04:01:01,,DMA*01:01:01,DMB*01:01:01,,DOA*01:01:04,DOA*01:01:02,DOB*01:01:01,,,,,,DRA*01:01:01,DRA*01:02:03,DRB3*02:10,,,,DRB5*01:01:01,DRB5*01:11,,,,,,E*01:01:01,E*01:06,F*01:01:03,F*01:03:01,G*01:01:02,G*01:05N,,,,,,,,,,,,,,,,,,,,,,,H*02:04,H*02:01:01,J*01:01:01,,K*01:01:01,,,,L*01:01:02,L*01:02,,,,
ERR188034,A*03:01:01,A*11:01:01,B*35:01:01,B*07:02:01,C*04:01:01,C*07:43,DRB1*11:01:01,DRB1*01:01:01,DQA1*05:05:01,DQA1*01:01:01,DQB1*05:01:01,DQB1*03:01:01,DPA1*01:03:01,,DPB1*04:02:01,DPB1*02:01:02,,DMA*01:01:01,DMB*01:01:01,,,DOA*01:01:02,DOB*01:01:01,DOB*01:01:03,,,,,,DRA*01:01:01,DRB3*02:02:01,,,,DRB5*01:13,,,,,,,E*01:03:02,E*01:06,F*01:01:02,F*01:03:01,,,,,,,,,,,,,,,,,,,,,,,,,H*02:04,H*02:01:01,,,K*01:01:01,,,,,,,,,
ERR188035,A*01:01:01,A*11:01:01,B*44:03:01,B*57:01:01,C*06:02:01,C*05:01:01,DRB1*07:01:01,,,DQA1*02:01,DQB1*02:02:01,DQB1*03:03:02,DPA1*01:03:01,DPA1*02:01:01,DPB1*11:01:01,DPB1*04:01:01,DMA*01:01:01,DMA*01:02,DMB*01:01:01,DMB*01:03:01,DOA*01:01:05,DOA*01:01:02,DOB*01:01:01,DOB*01:05,,,,,DRA*01:01:01,DRA*01:01:02,DRB3*02:15,,,DRB4*01:03:01,,,,,,DRB8*01:01,,E*01:01:01,,F*01:01:02,F*01:01:03,,,,,,,,,,,,,,,,,,,,,,,,,H*02:01:01,H*02:04,J*01:01:01,,K*01:01:01,K*01:01:01,,,L*01:01:01,L*01:02,,,V*01:01:01,
ERR188036,A*24:02:01,A*03:01:01,B*39:06:02,B*07:02:01,C*07:02:01,C*07:02:04,DRB1*04:04:01,DRB1*15:01:01,DQA1*03:01:01,DQA1*01:02:01,DQB1*06:02:01,DQB1*03:02:01,DPA1*01:03:01,,DPB1*03:01:01,DPB1*04:01:01,DMA*01:02,DMA*01:01:01,DMB*01:01:01,,DOA*01:01:04,DOA*01:01:01,DOB*01:01:01,,,,,,DRA*01:02:03,DRA*01:01:01,DRB3*01:15,,DRB4*01:03:01,DRB4*01:03:02,DRB5*01:01:01,DRB5*01:11,,,,,DRB9*01:01,E*01:01:01,E*01:03:02,F*01:01:03,F*01:03:01,G*01:04:01,G*01:01:01,G*01:04:01,G*01:01:08,G*01:04:01,G*01:01:21,G*01:04:03,G*01:01:01,G*01:04:03,G*01:01:08,G*01:04:03,G*01:01:21,G*01:07,G*01:01:01,G*01:07,G*01:01:08,G*01:07,G*01:01:21,G*01:04:01,G*01:01:04,G*01:04:03,G*01:01:04,G*01:07,G*01:01:04,H*02:04,,,,K*01:01:01,,,,L*01:01:01,,,,,
ERR188038,A*03:01:01,A*01:01:21,B*08:01:01,B*35:01:01,C*04:01:01,C*07:01:01,DRB1*03:01:01,DRB1*01:01:01,DQA1*05:01:01,DQA1*01:01:01,DQB1*05:01:01,DQB1*02:01:01,DPA1*01:03:01,,DPB1*04:02:01,DPB1*04:01:01,DMA*01:01:01,,,DMB*01:01:01,DOA*01:01:02,,DOB*01:01:01,DOB*01:01:03,,,,,DRA*01:01:01,DRA*01:02:02,DRB3*01:08,DRB3*01:15,,,,DRB5*01:11,,,,,,E*01:01:01,E*01:06,F*01:01:03,F*01:03:01,,,,,,,,,,,,,,,,,,,,,,,,,H*02:01:01,H*02:04,J*01:01:01,,K*01:01:01,,,,L*01:01:02,L*01:02,,,,
ERR188039,A*02:01:01,A*03:01:01,B*35:01:01,B*44:02:01,C*04:01:01,C*07:04:01,DRB1*04:07:01,DRB1*01:01:01,DQA1*03:03:01,DQA1*01:01:01,DQB1*05:01:01,DQB1*03:01:01,DPA1*01:03:01,,DPB1*04:02:01,DPB1*04:01:01,DMA*01:01:01,,,DMB*01:01:01,DOA*01:01:02,DOA*01:01:01,DOB*01:01:01,,,,,,,DRA*01:01:01,DRB3*01:15,,,DRB4*01:03:01,DRB5*01:11,,,,,,,E*01:06,E*01:01:01,F*01:03:01,F*01:01:01,G*01:01:01,,,,,,,,,,,,,,,,,,,,,,,,H*02:04,H*01:01:01,,,,K*01:01:01,K*01:02,,L*01:01:01,L*01:02,,,,
ERR188040,A*29:02:01,A*01:01:01,B*08:01:01,B*44:03:01,C*07:01:01,C*16:01:01,DRB1*07:01:01,DRB1*03:01:01,DQA1*02:01,DQA1*05:01:01,DQB1*02:02:01,DQB1*02:01:01,DPA1*01:03:01,DPA1*02:01:02,DPB1*01:01:01,DPB1*02:01:02,DMA*01:01:01,,DMB*01:03:01,DMB*01:01:01,DOA*01:01:02,,DOB*01:01:03,DOB*01:01:01,,,,,DRA*01:01:01,DRA*01:02:02,DRB3*01:08,DRB3*01:15,DRB4*01:03:01,DRB4*01:01:01,DRB5*01:12,,,,,DRB8*01:01,DRB9*01:01,E*01:01:01,E*01:03:02,F*01:01:01,F*01:01:03,G*01:01:01,G*01:01:09,,,,,,,,,,,,,,,,,,,,,,,H*02:01:01,H*02:02,J*01:01:01,,K*01:03,,,,L*01:02,L*01:01:02,L*01:02,L*01:01:01,,
ERR188041,A*02:01:01,A*68:01:01,B*45:01,B*07:02:01,C*06:02:01,C*03:04:01,DRB1*04:05:01,DRB1*15:01:01,DQA1*03:03:01,DQA1*01:02:01,DQB1*06:02:01,DQB1*03:02:01,DPA1*01:03:01,,DPB1*104:01,DPB1*04:01:01,DMA*01:01:01,,DMB*01:03:01,DMB*01:01:01,DOA*01:01:02,DOA*01:01:04,DOB*01:03,DOB*01:01:01,,,,,DRA*01:01:01,DRA*01:02:03,DRB3*02:27,DRB3*02:04,DRB4*01:03:01,,DRB5*01:01:01,DRB5*01:11,,,,DRB8*01:01,,E*01:03:02,,F*01:01:02,F*01:01:01,G*01:01:02,G*01:01:02,,,,,,,,,,,,,,,,,,,,,,,H*02:05,H*01:01:01,J*01:01:01,,K*01:02,,,,L*01:01:01,,,,,
ERR188042,A*02:05:01,A*30:02:01,B*18:01:01,B*58:01:01,C*07:18,C*08:02:01,DRB1*07:01:01,,,DQA1*02:01,DQB1*02:02:01,,DPA1*02:01:01,DPA1*02:02:02,DPB1*01:01:01,DPB1*105:01,DMA*01:01:01,,DMB*01:01:01,DMB*01:05,DOA*01:01:05,DOA*01:01:02,DOB*01:03,DOB*01:01:01,,,,,,DRA*01:01:01,DRB3*02:10,,DRB4*01:03:01,DRB4*01:03:01,,,,,,DRB8*01:01,DRB9*01:01,E*01:01:01,E*01:03:02,F*01:01:01,F*01:01:03,,,,,,,,,,,,,,,,,,,,,,,,,H*02:04,,,,,K*01:02,K*01:01:01,,L*01:02,,,,,
ERR188043,A*02:01:01,A*03:01:01,B*35:01:01,B*40:02:01,C*04:01:01,C*07:04:01,DRB1*12:01:01,DRB1*01:01:01,DQA1*05:05:01,DQA1*01:01:01,DQB1*05:01:01,DQB1*03:01:01,DPA1*01:03:01,,DPB1*02:01:02,DPB1*04:01:01,DMA*01:01:01,DMA*01:03,DMB*01:07,DMB*01:01:01,DOA*01:01:04,DOA*01:01:01,DOB*01:01:01,,,,,,DRA*01:01:01,DRA*01:02:02,DRB3*02:02:01,,,,DRB5*02:05,,,,,,,E*01:01:01,E*01:06,F*01:03:01,F*01:01:01,G*01:01:01,G*01:01:21,,,,,,,,,,,,,,,,,,,,,,,H*02:04,H*01:01:01,J*01:01:01,,K*01:02,K*01:01:01,,,L*01:01:01,L*01:02,,,,
ERR188045,A*02:01:01,,B*40:01:02,B*15:01:01,C*03:04:01,C*03:03:01,DRB1*08:01:03,DRB1*15:01:01,DQA1*04:01:01,DQA1*01:02:01,DQB1*05:03:01,DQB1*04:02:01,DPA1*01:03:01,,,DPB1*04:01:01,DMA*01:01:01,,,DMB*01:01:01,DOA*01:01:02,DOA*01:01:01,DOB*01:01:01,,,,,,DRA*01:02:02,DRA*01:02:03,DRB3*01:08,,DRB4*01:03:01,DRB4*01:05,DRB5*01:01:01,DRB5*01:11,,,,,,E*01:03:02,,F*01:01:01,,G*01:01:01,G*01:01:21,,,,,,,,,,,,,,,,,,,,,,,H*01:02,,J*01:01:01,,K*01:02,,,,,L*01:01:01,,,,
ERR188046,A*03:01:01,A*30:01:01,B*35:01:01,B*15:01:01,C*03:03:01,C*15:74,DRB1*08:01:03,,,DQA1*04:01:01,DQB1*04:02:01,,,DPA1*01:03:01,DPB1*04:01:01,,,DMA*01:01:01,DMB*01:01:01,,DOA*01:01:02,DOA*01:01:01,DOB*01:01:01,DOB*01:01:03,,,,,,DRA*01:02:02,,,,,,,,,,DRB8*01:01,DRB9*01:01,E*01:01:01,E*01:06,F*01:03:01,F*01:01:03,,,,,,,,,,,,,,,,,,,,,,,,,H*02:04,,,,,K*01:01:01,,,L*01:02,L*01:01:01,,,,
ERR188047,A*02:01:01,A*32:01:01,B*08:01:01,B*40:02:01,C*02:02:02,C*07:01:01,DRB1*04:04:01,DRB1*01:01:01,DQA1*03:01:01,DQA1*01:01:01,DQB1*05:01:01,DQB1*03:02:01,DPA1*01:03:01,,,DPB1*03:01:01,DMA*01:01:01,,,DMB*01:01:01,DOA*01:01:01,,DOB*01:01:03,DOB*01:01:01,,,,,,DRA*01:01:01,DRB3*01:15,,,DRB4*01:03:01,,,,,,DRB8*01:01,DRB9*01:01,E*01:01:01,,F*01:01:01,,G*01:01:01,G*01:01:21,,,,,,,,,,,,,,,,,,,,,,,H*02:03,H*01:01:01,,,,K*01:02,K*01:01:01,,L*01:01:01,L*01:01:02,,,,
ERR188049,A*02:01:01,A*03:01:01,B*44:02:01,B*07:02:01,C*05:01:01,C*07:02:01,DRB1*03:01:01,DRB1*15:01:01,DQA1*05:01:01,DQA1*01:02:01,DQB1*06:02:01,DQB1*02:01:01,DPA1*01:03:01,,,DPB1*04:01:01,,DMA*01:01:01,DMB*01:03:01,DMB*01:01:01,DOA*01:01:02,,DOB*01:01:03,DOB*01:01:01,,,,,DRA*01:02:03,DRA*01:02:02,DRB3*01:08,DRB3*01:15,,,DRB5*01:01:01,DRB5*01:11,,,,,,E*01:01:01,E*01:03:02,F*01:03:01,F*01:01:01,G*01:01:01,,,,,,,,,,,,,,,,,,,,,,,,H*02:04,H*01:01:01,,,,K*01:02,K*01:01:01,,L*01:01:01,,,,,
ERR188050,A*03:01:01,,B*35:01:01,B*07:02:01,C*04:01:01,C*07:02:01,DRB1*07:01:01,DRB1*15:01:01,DQA1*02:01,DQA1*01:02:01,DQB1*06:02:01,DQB1*02:02:01,DPA1*01:03:01,,DPB1*04:02:01,DPB1*04:01:01,DMA*01:01:01,DMA*01:02,DMB*01:01:01,DMB*01:03:01,DOA*01:01:02,,DOB*01:01:01,DOB*01:05,,,,,DRA*01:01:01,DRA*01:02:03,DRB3*01:15,DRB3*01:14,DRB4*01:03:01,DRB4*01:01:01,DRB5*01:01:01,DRB5*01:11,,,,DRB8*01:01,,E*01:03:02,,F*01:03:01,,G*01:01:01,G*01:01:05,G*01:04:03,G*01:01:09,,,,,,,,,,,,,,,,,,,,,H*02:04,,,,,K*01:01:01,,,L*01:01:01,,,,,
ERR188052,A*02:01:01,A*01:01:01,B*08:01:01,B*35:03:01,C*04:01:01,C*07:01:01,DRB1*15:01:01,DRB1*03:01:01,DQA1*05:01:01,DQA1*01:02:01,DQB1*06:02:01,DQB1*02:01:01,DPA1*01:03:01,DPA1*02:01:02,DPB1*01:01:01,DPB1*104:01,DMA*01:01:01,,,DMB*01:01:01,DOA*01:01:02,,DOB*01:01:03,DOB*01:01:01,,,,,DRA*01:02:03,DRA*01:02:02,DRB3*01:08,DRB3*01:15,,,DRB5*01:05,DRB5*01:11,,,,,,E*01:01:01,E*01:03:01,F*01:01:03,,G*01:01:20,,,,,,,,,,,,,,,,,,,,,,,,H*02:01:01,H*01:01:01,J*01:01:01,,K*01:02,K*01:03,K*01:02,K*01:01:01,L*01:01:01,L*01:01:02,,,,
ERR188053,A*68:01:01,A*31:01:02,B*27:05:02,,,C*02:02:02,DRB1*13:01:01,DRB1*04:01:01,DQA1*03:03:01,DQA1*01:03:01,DQB1*06:03:01,DQB1*03:02:01,DPA1*01:03:01,,,DPB1*04:01:01,DMA*01:02,DMA*01:01:01,DMB*01:03:01,DMB*01:01:01,DOA*01:01:02,DOA*01:01:04,DOB*01:01:03,DOB*01:01:01,,,,,DRA*01:01:01,DRA*01:02:02,DRB3*01:01:02,DRB3*01:15,DRB4*01:03:01,,,,,,,DRB8*01:01,,E*01:01:01,E*01:03:02,F*01:01:03,F*01:01:01,,,,,,,,,,,,,,,,,,,,,,,,,H*02:05,H*02:03,,,,K*01:01:01,K*01:01:01,,L*01:01:01,L*01:01:02,,,V*01:01:01,V*01:01:01
ERR188054,A*24:02:01,A*26:01:01,B*13:02:01,B*51:01:01,C*06:02:01,C*14:02:01,DRB1*07:01:01,DRB1*01:01:01,DQA1*02:01,DQA1*01:01:01,DQB1*05:01:01,DQB1*03:01:01,DPA1*01:03:01,,DPB1*04:01:01,DPB1*20:01:01,DMA*01:01:01,,,DMB*01:01:01,DOA*01:01:02,DOA*01:01:01,DOB*01:02:01,DOB*01:04:01,,,,,,DRA*01:01:01,DRB3*01:15,DRB3*02:27,DRB4*01:03:01,DRB4*01:03:04,,,,,,DRB8*01:01,,,E*01:01:01,F*01:01:01,,,,,,,,,,,,,,,,,,,,,,,,,,H*01:02,,J*01:01:01,,,,,,,L*01:01:01,L*01:01:02,,,
ERR188055,A*23:01:01,A*02:02,B*53:01:01,B*52:01:02,C*04:01:01,C*16:01:01,DRB1*13:03:01,DRB1*13:02:01,DQA1*05:05:01,DQA1*01:02:01,DQB1*06:09:01,DQB1*03:01:01,DPA1*02:01:01,DPA1*01:03:01,DPB1*01:01:01,DPB1*02:01:02,DMA*01:01:01,,,DMB*01:01:01,DOA*01:01:02,DOA*01:01:04,DOB*01:01:03,DOB*01:03,DOB*01:01:03,DOB*01:01:01,DOB*01:01:03,DOB*01:02:01,DRA*01:02:02,,DRB3*03:01:01,DRB3*01:01:02,,,DRB5*01:14,DRB5*01:11,,,,DRB8*01:01,,E*01:03:02,,F*01:01:02,F*01:03:01,G*01:01:03,G*01:17,G*01:04:01,G*01:17,G*01:04:04,G*01:17,G*01:08,G*01:17,,,,,,,,,,,,,,,,,H*01:02,H*01:01:01,J*01:01:01,,K*01:02,,,,,L*01:01:01,L*01:02,,,
ERR188056,A*02:01:01,,B*35:01:01,B*15:01:01,C*04:01:01,C*03:04:01,DRB1*04:04:01,DRB1*14:01:01,DQA1*03:01:01,DQA1*01:04:01,DQB1*05:03:01,DQB1*03:02:01,DPA1*01:03:01,,,DPB1*04:01:01,DMA*01:01:01,,DMB*01:01:01,DMB*01:03:01,DOA*01:01:02,,DOB*01:01:01,,,,,,,DRA*01:01:01,DRB3*02:24,DRB3*03:03,DRB4*01:03:01,DRB4*01:03:02,,,,,,,,E*01:03:02,,,F*01:01:01,G*01:01:01,,,,,,,,,,,,,,,,,,,,,,,,H*01:02,,J*01:01:01,,K*01:02,,,,,L*01:01:01,,,,
ERR188057,A*03:01:01,,B*44:02:01,B*44:03:01,C*04:01:01,C*05:01:01,DRB1*04:04:01,DRB1*04:01:01,DQA1*03:01:01,DQA1*03:03:01,DQB1*03:01:01,DQB1*03:02:01,DPA1*01:03:01,DPA1*02:01:02,DPB1*01:01:01,DPB1*04:01:01,DMA*01:01:01,,DMB*01:03:01,DMB*01:01:01,DOA*01:01:04,DOA*01:01:02,DOB*01:01:01,,,,,,,DRA*01:01:01,DRB3*01:15,,,DRB4*01:03:01,DRB5*01:14,,,,,DRB8*01:01,DRB9*01:01,E*01:01:01,E*01:03:02,F*01:03:01,,,,,,,,,,,,,,,,,,,,,,,,,,H*02:04,,,,K*01:01:01,,,,,L*01:01:01,,,,
ERR188058,A*02:01:01,A*29:02:01,B*27:05:02,B*07:02:01,C*01:85,C*07:02:01,DRB1*15:01:01,,,DQA1*01:02:01,DQB1*06:02:01,,DPA1*01:03:01,DPA1*02:02:02,DPB1*05:01:01,DPB1*04:01:01,DMA*01:01:01,,DMB*01:01:01,,,DOA*01:01:02,DOB*01:01:01,DOB*01:04:01,,,,,,DRA*01:02:03,DRB3*02:04,DRB3*02:27,,,DRB5*01:01:01,DRB5*01:11,,,,,,,E*01:03:02,,F*01:01:01,,,,,,,,,,,,,,,,,,,,,,,,,H*02:02,,,,K*01:03,K*01:02,,,L*01:01:01,L*01:02,,,,
ERR188059,A*24:02:01,A*02:01:01,B*14:02:01,B*44:02:01,C*05:01:01,C*08:02:01,DRB1*13:03:01,DRB1*04:01:01,DQA1*05:05:01,DQA1*03:03:01,DQB1*03:01:01,,,DPA1*01:03:01,DPB1*04:01:01,,,DMA*01:01:01,DMB*01:03:01,,DOA*01:01:04,DOA*01:01:06,DOB*01:01:01,,,,,,DRA*01:02:02,DRA*01:01:01,DRB3*01:01:02,DRB3*01:15,DRB4*01:03:01,,,DRB5*01:14,,,,DRB8*01:01,,E*01:01:01,,,F*01:01:01,,,,,,,,,,,,,,,,,,,,,,,,,H*01:02,,J*01:01:01,,K*01:02,,,,,L*01:02,,,,
ERR188060,A*74:01,A*03:01:01,B*49:01:01,B*51:01:01,C*16:01:01,C*07:01:02,DRB1*12:01:01,DRB1*13:03:01,DQA1*02:01,DQA1*05:05:01,DQB1*03:01:01,DQB1*02:02:01,DPA1*02:02:02,,,DPB1*01:01:01,DMA*01:01:01,DMA*01:02,DMB*01:01:01,,DOA*01:01:02,DOA*01:01:05,DOB*01:04:01,DOB*01:01:01,,,,,DRA*01:01:01,DRA*01:02:02,DRB3*02:02:01,DRB3*03:01:03,,,,,,,,,DRB9*01:01,E*01:03:02,,F*01:01:01,F*01:01:03,,,,,,,,,,,,,,,,,,,,,,,,,H*02:05,H*02:03,,,,K*01:01:01,K*01:01:01,,L*01:02,,,,,
ERR188062,A*02:01:01,A*01:01:01,B*08:01:01,B*35:01:01,C*04:01:01,C*07:01:01,DRB1*03:01:01,DRB1*01:01:01,DQA1*05:01:01,DQA1*01:01:01,DQB1*05:01:01,DQB1*02:01:01,DPA1*01:03:01,,DPB1*04:01:01,DPB1*04:02:01,DMA*01:01:01,,DMB*01:01:01,,,DOA*01:01:02,DOB*01:03,DOB*01:01:01,,,,,,DRA*01:01:01,DRB3*02:04,DRB3*02:10,,,DRB5*01:11,,,,,,,E*01:03:02,E*01:01:01,F*01:01:03,,,,,,,,,,,,,,,,,,,,,,,,,,H*02:01:01,H*02:05,,,,K*01:02,,,,L*01:01:02,,,,
ERR188063,A*68:01:01,A*30:01:01,B*13:02:01,B*51:01:01,C*06:02:01,C*16:02:01,DRB1*07:01:01,DRB1*08:04:01,DQA1*04:01:02,DQA1*02:01,DQB1*04:02:01,DQB1*02:02:01,DPA1*02:01:01,DPA1*01:03:01,DPB1*13:01:01,DPB1*04:02:01,DMA*01:02,,DMB*01:01:01,,DOA*01:01:02,DOA*01:01:01,DOB*01:02:01,DOB*01:01:01,,,,,DRA*01:02:02,DRA*01:01:01,DRB3*01:15,,DRB4*01:03:01,DRB4*01:03:01,,,,,DRB7*01:01:01,DRB8*01:01,,,E*01:01:01,F*01:01:01,F*01:01:03,,,,,,,,,,,,,,,,,,,,,,,,,H*02:05,H*02:04,J*01:01:01,,K*01:01:01,K*01:01:01,K*01:01:01,K*01:03,L*01:01:02,L*01:02,,,,
ERR188064,A*32:01:01,A*33:03:01,B*53:01:01,B*58:01:01,C*04:01:01,C*03:02:02,DRB1*03:01:01,DRB1*13:01:01,DQA1*05:01:01,DQA1*01:03:01,DQB1*06:03:01,DQB1*02:01:01,DPA1*01:03:01,DPA1*02:01:01,DPB1*01:01:01,DPB1*02:01:02,DMA*01:01:01,,DMB*01:01:01,,,DOA*01:01:05,DOB*01:01:03,DOB*01:03,DOB*01:01:03,DOB*01:01:01,DOB*01:01:03,DOB*01:02:01,DRA*01:01:01,DRA*01:02:02,DRB3*02:04,DRB3*01:01:02,,,DRB5*01:01:01,DRB5*01:11,,,,,,E*01:01:01,E*01:03:05,F*01:01:02,,,,,,,,,,,,,,,,,,,,,,,,,,H*02:03,H*02:04,,,,K*01:01:01,K*01:01:01,,L*01:01:01,,,,,
ERR188065,A*02:01:01,,B*13:02:01,B*44:03:01,C*06:02:01,C*16:01:01,DRB1*07:01:01,DRB1*01:01:01,DQA1*02:01,DQA1*01:01:01,DQB1*05:01:01,DQB1*02:02:01,DPA1*02:01:01,DPA1*01:03:01,DPB1*11:01:01,DPB1*04:01:01,DMA*01:01:01,,DMB*01:03:01,DMB*01:05,DOA*01:01:02,DOA*01:01:05,DOB*01:01:01,,,,,,,DRA*01:01:01,DRB3*01:15,,DRB4*01:03:01,DRB4*01:01:01,DRB5*02:05,,,,,DRB8*01:01,,,E*01:01:01,F*01:01:01,,,,,,,,,,,,,,,,,,,,,,,,,,H*01:01:01,,J*01:01:01,,,K*01:02,,,L*01:01:01,L*01:02,,,,
ERR188067,A*01:01:01,A*03:01:01,B*08:01:01,B*07:02:01,C*07:02:01,C*07:16,DRB1*03:01:01,DRB1*15:01:01,DQA1*05:01:01,DQA1*01:02:01,DQB1*06:02:01,DQB1*02:01:01,DPA1*01:03:01,,,DPB1*04:01:01,DMA*01:01:01,,,DMB*01:01:01,DOA*01:01:04,DOA*01:01:01,DOB*01:01:03,DOB*01:01:01,,,,,DRA*01:02:03,DRA*01:02:02,DRB3*01:15,DRB3*01:14,,,DRB5*01:01:01,DRB5*01:11,,,,,,E*01:01:01,E*01:03:02,F*01:03:01,F*01:01:03,,,,,,,,,,,,,,,,,,,,,,,,,H*02:01:01,H*02:04,J*01:01:01,,K*01:01:01,K*01:01:01,,,L*01:01:01,,,,,
ERR188068,A*02:01:01,A*03:01:01,B*18:01:01,B*44:03:01,C*16:01:01,C*07:01:01,DRB1*12:01:01,DRB1*15:11,DQA1*05:05:01,DQA1*01:02:02,DQB1*05:02:01,DQB1*03:01:01,DPA1*01:03:01,,,DPB1*03:01:01,DMA*01:01:01,,,DMB*01:01:01,DOA*01:01:02,DOA*01:01:01,DOB*01:04:01,DOB*01:01:01,,,,,DRA*01:01:01,DRA*01:02:02,DRB3*02:02:01,DRB3*03:01:03,,,DRB5*02:02,DRB5*01:02,,,,,DRB9*01:01,E*01:03:02,,F*01:03:01,F*01:01:01,,,,,,,,,,,,,,,,,,,,,,,,,H*02:04,H*01:01:01,,,,K*01:02,K*01:01:01,,L*01:02,,,,,
ERR188070,A*03:01:01,A*30:04:01,B*41:01,B*07:02:01,C*07:02:01,C*17:01:01,DRB1*15:01:01,DRB1*11:02:01,DQA1*05:05:01,DQA1*01:02:01,DQB1*06:02:01,DQB1*03:19,DPA1*01:05,DPA1*01:03:01,DPB1*04:01:01,DPB1*51:01,DMA*01:01:01,,,DMB*01:01:01,DOA*01:01:02,DOA*01:01:03,DOB*01:01:01,,,,,,DRA*01:01:01,DRA*01:02:03,DRB3*02:02:01,DRB3*02:24,,,DRB5*01:01:01,DRB5*01:11,,,,,,E*01:03:02,E*01:03:01,F*01:03:01,,,,,,,,,,,,,,,,,,,,,,,,,,H*02:04,H*02:01:01,J*01:01:01,,K*01:01:01,,,,L*01:01:01,L*01:02,,,,
ERR188071,A*03:01:01,A*01:01:01,B*08:01:01,B*07:02:01,C*07:19,C*12:18:02,DRB1*03:01:01,DRB1*15:01:01,DQA1*05:01:01,DQA1*01:02:01,DQB1*06:02:01,DQB1*02:01:01,DPA1*02:01:01,,DPB1*10:01,DPB1*11:01:01,DMA*01:01:01,,DMB*01:03:01,DMB*01:01:01,DOA*01:01:05,DOA*01:01:02,DOB*01:01:03,DOB*01:01:01,,,,,DRA*01:02:03,DRA*01:02:02,DRB3*01:01:02,DRB3*01:15,,,DRB5*01:01:01,DRB5*01:11,,,,,,E*01:01:01,E*01:03:02,F*01:03:01,F*01:01:01,,,,,,,,,,,,,,,,,,,,,,,,,H*02:01:01,H*02:04,J*01:01:01,,K*01:01:01,,,,L*01:01:02,,,,,
ERR188072,A*02:01:01,A*30:01:01,B*45:01,B*07:02:01,C*16:01:01,C*07:02:01,DRB1*11:02:01,DRB1*15:03:01,DQA1*05:05:01,DQA1*01:02:01,DQB1*03:19,DQB1*06:02:01,DPA1*02:01:01,DPA1*02:02:02,DPB1*01:01:01,DPB1*122:01,DMA*01:01:01,DMA*01:02,DMB*01:03:01,DMB*01:01:01,DOA*01:01:04,DOA*01:01:02,DOB*01:02:01,,,,,,DRA*01:01:01,,DRB3*02:02:01,DRB3*03:01:03,DRB4*01:02,,DRB5*01:01:01,DRB5*01:11,,,,,,E*01:01:01,E*01:03:02,F*01:01:01,F*01:01:03,,,,,,,,,,,,,,,,,,,,,,,,,H*02:04,,J*01:01:01,,K*01:02,K*01:03,,,L*01:02,,,,,
ERR188073,A*24:02:01,A*01:01:01,B*40:01:02,B*07:02:01,C*03:04:01,C*07:02:01,DRB1*13:02:01,DRB1*15:01:01,DQA1*01:02:01,,DQB1*06:02:01,DQB1*06:04:01,DPA1*01:03:01,DPA1*02:02:02,DPB1*05:01:01,DPB1*04:01:01,DMA*01:01:01,,,DMB*01:01:01,DOA*01:01:04,DOA*01:01:02,DOB*01:01:01,,,,,,DRA*01:02:03,DRA*01:02:02,DRB3*03:01:01,DRB3*03:03,,,DRB5*01:01:01,DRB5*01:11,,,,,DRB9*01:01,E*01:01:01,E*01:03:02,F*01:01:03,,G*01:01:03,G*01:04:01,G*01:01:12,,,,,,,,,,,,,,,,,,,,,,H*02:01:01,,J*01:01:01,,K*01:01:01,,,,L*01:01:01,L*01:02,,,,
ERR188075,A*68:01:01,A*01:01:01,B*08:01:01,B*27:05:02,C*02:02:02,C*07:01:01,DRB1*01:01:01,DRB1*03:01:01,DQA1*05:01:01,DQA1*01:01:01,DQB1*05:01:01,DQB1*02:01:01,DPA1*01:03:01,,DPB1*04:01:01,DPB1*02:01:02,DMA*01:01:01,,,DMB*01:01:01,DOA*01:01:04,DOA*01:01:01,DOB*01:01:01,DOB*01:01:03,,,,,DRA*01:01:01,DRA*01:02:02,DRB3*01:15,DRB3*01:14,,,,DRB5*01:11,,,,,,E*01:01:01,,F*01:01:03,F*01:01:01,G*01:01:02,G*01:01:20,,,,,,,,,,,,,,,,,,,,,,,H*02:05,H*02:01:01,J*01:01:01,,K*01:01:01,,,,L*01:01:02,L*01:01:01,,,,
ERR188076,A*25:01:01,A*11:01:01,B*18:01:01,B*15:01:01,C*12:03:01,C*03:03:01,DRB1*04:04:01,DRB1*15:01:01,DQA1*03:01:01,DQA1*01:02:01,DQB1*06:02:01,DQB1*03:02:01,DPA1*01:03:01,,DPB1*06:01,DPB1*04:01:01,DMA*01:01:01,DMA*01:04,DMB*01:01:01,,DOA*01:01:01,DOA*01:01:04,DOB*01:01:01,,,,,,DRA*01:02:03,DRA*01:01:01,DRB3*02:10,DRB3*01:15,DRB4*01:03:01,DRB4*01:05,DRB5*01:01:01,DRB5*01:11,DRB6*02:01,DRB6*02:02,,DRB8*01:01,,E*01:01:01,E*01:03:02,F*01:01:02,F*01:01:01,,,,,,,,,,,,,,,,,,,,,,,,,H*02:04,H*02:01:01,,,,,,,L*01:02,,,,,
ERR188077,A*02:01:01,,B*44:02:01,B*15:01:01,C*05:01:01,C*03:04:01,DRB1*04:01:01,,DQA1*03:03:01,DQA1*03:01:01,DQB1*03:01:01,DQB1*03:02:01,DPA1*01:03:01,,,DPB1*04:01:01,DMA*01:01:01,,DMB*01:01:01,DMB*01:03:01,DOA*01:01:04,DOA*01:01:01,DOB*01:02:01,DOB*01:01:01,,,,,DRA*01:01:01,,,DRB3*02:27,DRB4*01:03:01,,DRB5*01:11,,,,,,DRB9*01:01,,E*01:03:02,F*01:01:01,,G*01:01:01,,,,,,,,,,,,,,,,,,,,,,,,H*02:04,,J*01:01:01,,K*01:02,,,,L*01:01:01,,,,,
ERR188078,A*02:01:01,,B*27:05:02,B*40:01:02,C*02:02:02,C*03:64:01,DRB1*08:01:03,DRB1*13:02:01,DQA1*04:01:01,DQA1*01:02:01,DQB1*06:04:01,DQB1*04:02:01,DPA1*01:03:01,,DPB1*03:01:01,DPB1*04:01:01,DMA*01:01:01,,DMB*01:01:01,,DOA*01:01:04,DOA*01:01:01,DOB*01:01:03,DOB*01:01:01,,,,,DRA*01:02:02,,DRB3*03:01:01,DRB3*03:03,,,DRB5*01:14,,,,,,,E*01:01:01,E*01:03:02,F*01:04,F*01:01:01,G*01:01:01,G*01:01:21,,,,,,,,,,,,,,,,,,,,,,,H*01:01:01,,,,K*01:02,,,,L*01:01:01,,,,,
ERR188079,A*03:01:01,A*03:02:01,B*35:03:01,B*07:02:01,C*12:03:01,C*07:02:01,DRB1*14:54:01,DRB1*15:01:01,DQA1*01:02:01,DQA1*01:04:01,DQB1*05:03:01,DQB1*06:02:01,DPA1*01:03:01,,DPB1*04:02:01,DPB1*02:01:02,DMA*01:01:01,,DMB*01:01:01,,,DOA*01:01:02,DOB*01:01:01,,,,,,DRA*01:01:01,DRA*01:02:03,DRB3*02:02:01,DRB3*02:01,,,DRB5*01:01:01,DRB5*01:11,,,,,,E*01:01:01,E*01:03:02,F*01:03:01,,,,,,,,,,,,,,,,,,,,,,,,,,H*02:04,,,,,,,,L*01:01:01,,,,,
ERR188080,A*01:01:01,A*02:01:01,B*57:01:01,B*40:01:02,C*06:02:01,C*03:04:01,DRB1*04:04:01,DRB1*04:01:01,DQA1*03:01:01,DQA1*03:03:01,DQB1*03:01:01,DQB1*03:02:01,DPA1*01:03:01,,DPB1*04:02:01,DPB1*04:01:01,DMA*01:01:01,,DMB*01:01:01,,DOA*01:01:02,DOA*01:01:04,DOB*01:03,DOB*01:01:01,,,,,DRA*01:01:01,,,DRB3*02:27,DRB4*01:03:01,,,,,,,DRB8*01:01,DRB9*01:01,E*01:01:01,E*01:03:02,F*01:04,F*01:01:03,G*01:01:01,G*01:01:02,,,,,,,,,,,,,,,,,,,,,,,H*02:01:01,H*01:01:01,J*01:01:01,,K*01:02,,,,L*01:01:01,,,,,