ERR,A,A.1,B,B.1,C,C.1,DMA1,DMA2,DMB1,DMB2,DPA11,DPA12,DPB11,DPB12,DQA11,DQA12,DQB11,DQB12,DRA1,DRA2,DRB1,DRB1.1,E1,E2,F1,F2,H1,H2,K1,K2
SRR13280725,A*02:01,A*02:01,B*44:02,B*15:01,C*05:01,C*03:04,DMA*01:01,DMA*01:01,DMB*01:01,DMB*01:01,DPA1*01:03,DPA1*01:03,DPB1*04:01,DPB1*04:02,DQA1*03:03,DQA1*01:01,DQB1*05:01,DQB1*03:01,DRA*01:01,DRA*01:01,DRB1*04:01,DRB1*01:01,E*01:01,E*01:03,F*01:01,F*01:01,H*01:01,H*01:01,K*01:02,K*01:02
SRR13280734,A*01:01,A*01:01,B*07:02,B*08:01,C*07:01,C*07:525,DMA*01:01,DMA*01:01,DMB*01:01,DMB*01:01,DPA1*02:01,DPA1*01:03,DPB1*04:01,DPB1*01:01,DQA1*01:02,DQA1*05:01,DQB1*02:01,DQB1*06:02,DRA*01:02,DRA*01:02,DRB1*15:01,DRB1*03:01,E*01:01,E*01:01,F*01:01,F*01:01,,,,
SRR13280659,A*01:01,A*02:01,B*51:01,B*08:01,C*07:01,C*14:02,DMA*01:01,DMA*01:01,DMB*01:03,DMB*01:01,DPA1*02:01,DPA1*01:03,DPB1*01:01,DPB1*02:01,DQA1*01:03,DQA1*05:01,DQB1*06:03,DQB1*02:01,DRA*01:02,DRA*01:02,DRB1*03:01,DRB1*13:01,E*01:01,E*01:03,F*01:01,F*01:01,,,,
SRR13280707,A*01:01,A*24:02,B*27:05,B*08:01,C*07:01,C*02:02,DMA*01:01,DMA*01:01,DMB*01:01,DMB*01:01,DPA1*01:03,DPA1*01:03,DPB1*03:01,DPB1*04:01,DQA1*01:02,DQA1*05:01,DQB1*06:02,DQB1*06:02,DRA*01:02,DRA*01:02,DRB1*15:01,DRB1*03:01,E*01:01,E*01:03,F*01:01,F*01:01,,,,
SRR13280670,A*01:01,A*03:01,B*08:01,B*15:01,C*07:01,C*03:04,DMA*01:01,DMA*01:01,DMB*01:01,DMB*01:01,DPA1*01:03,DPA1*01:03,DPB1*04:01,DPB1*04:02,DQA1*03:01,DQA1*05:01,DQB1*02:01,DQB1*03:02,DRA*01:01,DRA*01:02,DRB1*04:01,DRB1*03:01,E*01:01,E*01:03,F*01:01,F*01:03,H*02:01,H*02:04,,
SRR13280683,A*02:01,A*02:01,B*57:01,B*15:01,C*03:04,C*06:02,DMA*01:01,DMA*01:01,DMB*01:03,DMB*01:01,DPA1*01:03,DPA1*01:03,DPB1*03:01,DPB1*04:02,DQA1*03:01,DQA1*03:03,DQB1*03:02,DQB1*03:01,DRA*01:01,DRA*01:01,DRB1*04:01,DRB1*04:01,E*01:03,E*01:01,F*01:01,F*01:01,,,,
SRR13280699,A*01:01,A*03:01,B*08:01,B*15:01,C*07:01,C*03:04,DMA*01:01,DMA*01:01,DMB*01:01,DMB*01:01,DPA1*01:03,DPA1*01:03,DPB1*04:02,DPB1*04:01,DQA1*03:01,DQA1*05:01,DQB1*03:02,DQB1*02:01,DRA*01:01,DRA*01:02,DRB1*04:01,DRB1*03:01,E*01:01,E*01:03,F*01:01,F*01:03,,,,
SRR13280716,A*01:01,A*02:01,B*44:02,B*40:01,C*05:01,C*03:04,DMA*01:01,DMA*01:01,DMB*01:01,DMB*01:01,DPA1*01:03,DPA1*01:03,DPB1*04:01,DPB1*04:01,DQA1*03:01,DQA1*01:04,DQB1*05:03,DQB1*05:03,DRA*01:01,DRA*01:02,DRB1*14:54,DRB1*04:01,E*01:01,E*01:03,F*01:01,F*01:01,,,K*01:02,K*01:02
SRR13280661,A*02:01,A*02:01,B*13:02,B*15:01,C*03:03,C*06:02,DMA*01:01,DMA*01:02,DMB*01:01,DMB*01:01,DPA1*02:01,DPA1*01:03,DPB1*17:01,DPB1*04:02,DQA1*03:01,DQA1*02:01,DQB1*02:02,DQB1*03:02,DRA*01:01,DRA*01:01,DRB1*07:01,DRB1*04:01,E*01:01,E*01:03,F*01:01,F*01:01,,,,
SRR13280692,A*01:372,A*02:01,B*40:01,B*44:02,C*03:04,C*05:01,DMA*01:01,DMA*01:01,DMB*01:01,DMB*01:01,DPA1*01:03,DPA1*01:03,DPB1*04:01,DPB1*04:01,DQA1*03:01,DQA1*01:04,DQB1*05:03,DQB1*03:02,DRA*01:01,DRA*01:02,DRB1*14:54,DRB1*04:01,E*01:01,E*01:03,F*01:01,F*01:01,,,,
SRR13280688,A*02:844,A*68:02,B*14:02,B*15:01,C*03:04,C*08:02,DMA*01:01,DMA*01:01,DMB*01:03,DMB*01:01,DPA1*01:03,DPA1*01:03,DPB1*04:01,DPB1*04:01,DQA1*03:01,DQA1*05:05,DQB1*03:01,DQB1*03:02,DRA*01:01,DRA*01:02,DRB1*13:03,DRB1*04:01,E*01:01,E*01:03,F*01:01,F*01:01,,,K*01:02,K*01:02
SRR13280694,A*01:01,A*31:01,B*18:01,B*08:01,C*07:01,C*07:01,DMA*01:01,DMA*01:01,DMB*01:03,DMB*01:01,DPA1*02:01,DPA1*01:03,DPB1*01:01,DPB1*04:01,DQA1*01:02,DQA1*05:01,DQB1*06:02,DQB1*06:02,DRA*01:02,DRA*01:02,DRB1*15:01,DRB1*03:01,E*01:03,E*01:03,F*01:01,F*01:01,,,,
SRR13280667,A*01:01,A*02:01,B*27:05,B*08:01,C*07:01,C*02:02,DMA*01:01,DMA*01:01,DMB*01:01,DMB*01:01,DPA1*02:01,DPA1*01:03,DPB1*01:01,DPB1*04:02,DQA1*03:03,DQA1*05:01,DQB1*02:01,DQB1*03:02,DRA*01:01,DRA*01:02,DRB1*04:01,DRB1*03:01,E*01:01,E*01:03,F*01:01,F*01:01,,,K*01:02,K*01:02
SRR13280710,A*03:01,A*02:01,B*40:01,B*15:01,C*03:04,C*03:04,DMA*01:01,DMA*01:01,DMB*01:07,DMB*01:01,DPA1*01:03,DPA1*01:03,DPB1*03:01,DPB1*04:01,DQA1*03:01,DQA1*05:01,DQB1*03:02,DQB1*02:01,DRA*01:01,DRA*01:02,DRB1*04:01,DRB1*03:01,E*01:03,E*01:03,F*01:01,F*01:03,,,K*01:01,K*01:02
SRR13280685,A*02:844,A*11:303,B*07:02,B*40:01,C*07:02,C*03:04,DMA*01:01,DMA*01:01,DMB*01:03,DMB*01:01,DPA1*01:03,DPA1*01:03,DPB1*04:02,DPB1*04:01,DQA1*03:03,DQA1*01:01,DQB1*05:01,DQB1*03:01,DRA*01:01,DRA*01:01,DRB1*04:01,DRB1*01:01,E*01:03,E*01:03,F*01:03,F*01:04,,,K*01:02,K*01:02
SRR13280676,A*02:01,A*02:919,B*27:05,B*39:01,C*02:02,C*12:03,DMA*01:01,DMA*01:01,DMB*01:01,DMB*01:01,DPA1*01:03,DPA1*01:03,DPB1*04:01,DPB1*04:02,DQA1*03:02,DQA1*03:03,DQB1*03:02,DQB1*03:03,DRA*01:01,DRA*01:01,DRB1*09:01,DRB1*04:01,E*01:01,E*01:01,F*01:01,F*01:01,,,K*01:02,K*01:02
SRR13280701,A*01:01,A*02:795Q,B*07:158,B*08:01,C*07:02,C*07:970N,DMA*01:01,DMA*01:01,DMB*01:03,DMB*01:07,DPA1*01:03,DPA1*01:03,DPB1*03:01,DPB1*04:01,DQA1*01:03,DQA1*05:01,DQB1*06:03,DQB1*06:03,DRA*01:02,DRA*01:02,DRB1*03:01,DRB1*13:01,E*01:01,E*01:01,F*01:01,F*01:01,,,,
SRR13280728,A*01:01,A*24:280,B*27:05,B*08:01,C*07:01,C*02:02,DMA*01:01,DMA*01:01,,,DPA1*01:03,DPA1*01:03,DPB1*03:01,DPB1*04:01,,,DQB1*06:02,DQB1*06:113,DRA*01:02,DRA*01:02,DRB1*15:01,DRB1*03:01,E*01:01,E*01:03,F*01:01,F*01:01,,,,
SRR13280732,A*02:01,A*02:01,B*08:01,B*56:01,C*07:01,C*01:02,DMA*01:01,DMA*01:01,DMB*01:03,DMB*01:01,DPA1*02:01,DPA1*01:03,DPB1*01:01,DPB1*02:01,DQA1*03:03,DQA1*05:01,DQB1*03:01,DQB1*02:01,DRA*01:01,DRA*01:02,DRB1*04:01,DRB1*03:01,E*01:01,E*01:01,F*01:01,F*01:01,,,,
SRR13280739,A*01:01,A*03:01,B*07:02,B*08:01,C*07:01,C*07:02,DMA*01:01,DMA*01:02,DMB*01:03,DMB*01:01,DPA1*01:03,DPA1*01:03,DPB1*02:01,DPB1*02:01,DQA1*05:01,DQA1*01:02,DQB1*02:01,DQB1*06:02,DRA*01:02,DRA*01:02,DRB1*15:01,DRB1*03:01,E*01:01,E*01:03,F*01:01,F*01:03,,,,
SRR13280723,A*02:01,A*02:01,B*27:05,B*39:01,C*02:02,C*12:03,DMA*01:01,DMA*01:01,DMB*01:01,DMB*01:01,DPA1*01:03,DPA1*01:03,DPB1*04:01,DPB1*04:02,DQA1*03:02,DQA1*03:03,DQB1*03:02,DQB1*03:03,DRA*01:01,DRA*01:01,DRB1*09:01,DRB1*04:01,E*01:01,E*01:01,F*01:01,F*01:01,H*01:01,H*01:01,K*01:02,K*01:02
SRR13280658,A*02:844,A*11:303,B*07:02,B*40:01,C*07:02,C*03:04,DMA*01:01,DMA*01:01,DMB*01:01,DMB*01:03,DPA1*01:03,DPA1*01:03,DPB1*04:01,DPB1*04:02,DQA1*03:03,DQA1*01:01,DQB1*05:01,DQB1*03:01,DRA*01:01,DRA*01:01,DRB1*04:01,DRB1*01:01,E*01:03,E*01:03,F*01:03,F*01:04,,,,
SRR13280735,A*02:01,A*03:01,B*07:241,B*15:01,C*03:03,C*07:02,DMA*01:01,DMA*01:01,DMB*01:01,DMB*01:01,DPA1*01:03,DPA1*01:03,DPB1*04:01,DPB1*04:01,DQA1*01:07Q,DQA1*03:01,DQB1*05:03,DQB1*03:02,DRA*01:01,DRA*01:01,DRB1*14:54,DRB1*04:01,E*01:03,E*01:03,F*01:01,F*01:03,,,,
SRR13280724,A*11:01,A*02:01,B*07:02,B*27:05,C*02:02,C*07:02,DMA*01:01,DMA*01:01,DMB*01:01,DMB*01:01,DPA1*01:03,DPA1*01:03,DPB1*04:02,DPB1*04:02,DQA1*03:03,DQA1*03:03,DQB1*03:02,DQB1*02:01,DRA*01:01,DRA*01:02,DRB1*04:01,DRB1*03:01,E*01:01,E*01:03,F*01:01,F*01:01,H*02:07,H*01:01,K*01:02,K*01:02
SRR13280689,A*02:01,A*02:01,B*13:02,B*15:01,C*03:03,C*06:02,DMA*01:01,DMA*01:02,DMB*01:01,DMB*01:01,DPA1*02:01,DPA1*01:03,DPB1*17:01,DPB1*04:02,DQA1*03:01,DQA1*02:01,DQB1*02:02,DQB1*03:02,DRA*01:01,DRA*01:01,DRB1*07:01,DRB1*04:01,E*01:01,E*01:03,F*01:01,F*01:01,,,K*01:02,K*01:02
SRR13280717,A*03:01,A*02:01,B*44:02,B*35:01,C*04:456Q,C*05:01,DMA*01:01,DMA*01:01,DMB*01:03,DMB*01:03,DPA1*01:03,DPA1*01:03,DPB1*03:01,DPB1*04:01,DQA1*03:03,DQA1*01:01,DQB1*05:01,DQB1*03:01,DRA*01:01,DRA*01:01,DRB1*04:01,DRB1*01:01,E*01:01,E*01:06,F*01:01,F*01:03,H*02:04,H*01:01,K*01:01,K*01:02
SRR13280660,A*02:844,A*23:01,B*44:02,B*44:03,C*04:01,C*05:01,DMA*01:01,DMA*01:01,DMB*01:07,DMB*01:01,DPA1*01:03,DPA1*01:03,DPB1*04:01,DPB1*04:01,DQA1*02:01,DQA1*03:01,DQB1*02:02,DQB1*03:02,DRA*01:01,DRA*01:01,DRB1*07:01,DRB1*04:01,E*01:01,E*01:01,F*01:01,F*01:03,,,,
SRR13280693,A*01:01,A*24:525,B*51:01,B*08:01,C*07:01,C*14:02,DMA*01:01,DMA*01:01,DMB*01:01,DMB*01:01,DPA1*01:03,DPA1*02:01,DPB1*01:01,DPB1*04:01,DQA1*01:03,DQA1*05:01,DQB1*06:03,DQB1*02:01,DRA*01:02,DRA*01:02,DRB1*03:01,DRB1*13:01,E*01:01,E*01:01,F*01:01,F*01:01,,,,
SRR13280698,A*01:372,A*02:01,B*08:01,B*15:01,C*07:01,C*03:03,DMA*01:01,DMA*01:01,DMB*01:03,DMB*01:01,DPA1*01:03,DPA1*01:03,DPB1*02:01,DPB1*04:01,DQA1*01:03,DQA1*05:01,DQB1*06:03,DQB1*06:03,DRA*01:01,DRA*01:02,DRB1*03:01,DRB1*13:01,E*01:01,E*01:03,F*01:01,F*01:01,,,,
SRR13280706,A*03:01,A*02:01,B*27:05,B*13:02,C*06:02,C*01:02,DMA*01:01,DMA*01:02,DMB*01:01,DMB*01:01,DPA1*02:01,DPA1*01:03,DPB1*01:01,DPB1*04:01,DQA1*03:03,DQA1*02:01,DQB1*03:01,DQB1*02:02,DRA*01:01,DRA*01:01,DRB1*07:01,DRB1*04:08,E*01:01,E*01:03,F*01:01,F*01:03,,,K*01:01,K*01:02
SRR13280671,A*01:01,A*03:01,B*08:01,B*08:01,C*07:01,C*07:01,DMA*01:01,DMA*01:01,DMB*01:01,DMB*01:01,DPA1*02:01,DPA1*01:03,DPB1*02:01,DPB1*01:01,DQA1*01:03,DQA1*05:01,DQB1*06:03,DQB1*06:03,DRA*01:02,DRA*01:02,DRB1*03:01,DRB1*13:01,E*01:01,E*01:06,F*01:01,F*01:03,,,,
SRR13280682,A*01:01,A*03:01,B*07:02,B*08:01,C*07:01,C*07:02,DMA*01:01,DMA*01:02,DMB*01:01,DMB*01:03,DPA1*01:03,DPA1*01:03,DPB1*02:01,DPB1*02:01,DQA1*05:01,DQA1*01:02,DQB1*02:01,DQB1*06:02,DRA*01:02,DRA*01:02,DRB1*15:01,DRB1*03:01,E*01:01,E*01:03,F*01:01,F*01:03,,,,
SRR13280684,A*02:01,A*03:368,B*40:01,B*15:01,C*03:04,C*03:04,DMA*01:01,DMA*01:01,DMB*01:07,DMB*01:01,DPA1*01:03,DPA1*01:03,DPB1*03:01,DPB1*04:01,DQA1*03:01,DQA1*05:01,DQB1*02:01,DQB1*03:02,DRA*01:01,DRA*01:02,DRB1*04:01,DRB1*03:01,E*01:03,E*01:03,F*01:01,F*01:03,,,K*01:01,K*01:02
SRR13280677,A*02:844,A*11:303,B*27:05,B*07:02,C*07:744,C*02:02,DMA*01:01,DMA*01:01,DMB*01:01,DMB*01:01,DPA1*01:03,DPA1*01:03,DPB1*04:02,DPB1*04:02,DQA1*03:03,DQA1*05:01,DQB1*03:02,DQB1*02:01,DRA*01:01,DRA*01:02,DRB1*04:01,DRB1*03:01,E*01:01,E*01:03,F*01:01,F*01:01,H*02:07,H*01:01,,
SRR13280700,A*01:01,A*03:01,B*08:01,B*08:01,C*07:02,C*07:650,DMA*01:01,DMA*01:01,DMB*01:01,DMB*01:01,DPA1*01:03,DPA1*02:01,DPB1*01:01,DPB1*02:01,DQA1*01:03,DQA1*05:01,DQB1*06:03,DQB1*06:03,DRA*01:02,DRA*01:02,DRB1*03:01,DRB1*13:01,E*01:01,E*01:06,F*01:03,F*01:01,,,,
SRR13280695,A*03:01,A*02:01,B*44:02,B*35:01,C*04:456Q,C*05:01,DMA*01:01,DMA*01:01,DMB*01:03,DMB*01:03,DPA1*01:03,DPA1*01:03,DPB1*03:01,DPB1*04:01,DQA1*03:03,DQA1*01:01,DQB1*03:01,DQB1*05:01,DRA*01:01,DRA*01:01,DRB1*04:01,DRB1*01:01,E*01:01,E*01:06,F*01:01,F*01:03,,,K*01:01,K*01:02
SRR13280666,A*03:01,A*02:01,B*44:02,B*35:01,C*05:01,C*04:456Q,DMA*01:01,DMA*01:01,DMB*01:03,DMB*01:03,DPA1*01:03,DPA1*01:03,DPB1*03:01,DPB1*04:01,DQA1*03:03,DQA1*01:01,DQB1*03:01,DQB1*05:01,DRA*01:01,DRA*01:01,DRB1*04:01,DRB1*01:01,E*01:01,E*01:06,F*01:01,F*01:03,,,,
SRR13280711,A*01:01,A*03:01,B*07:02,B*08:01,C*07:01,C*07:02,DMA*01:01,DMA*01:01,,,DPA1*01:03,DPA1*01:03,DPB1*04:01,DPB1*04:02,DQA1*05:01,DQA1*01:02,DQB1*06:02,DQB1*06:114,DRA*01:02,DRA*01:02,DRB1*15:01,DRB1*03:01,E*01:01,E*01:03,F*01:01,F*01:03,,,,
SRR13280722,A*02:01,A*02:01,B*07:02,B*08:01,C*07:01,C*07:02,DMA*01:01,DMA*01:02,DMB*01:01,DMB*01:01,DPA1*01:03,DPA1*01:03,DPB1*16:01,DPB1*02:01,DQA1*01:03,DQA1*05:01,DQB1*06:03,DQB1*06:03,DRA*01:02,DRA*01:02,DRB1*03:01,DRB1*13:01,E*01:03,E*01:03,F*01:01,F*01:04,,,K*01:02,K*01:02
SRR13280655,A*02:01,A*03:01,B*40:01,B*15:01,C*03:04,C*03:04,DMA*01:01,DMA*01:01,DMB*01:07,DMB*01:01,DPA1*01:03,DPA1*01:03,DPB1*03:01,DPB1*04:01,DQA1*03:01,DQA1*05:01,DQB1*03:02,DQB1*02:01,DRA*01:01,DRA*01:02,DRB1*04:01,DRB1*03:01,E*01:03,E*01:03,F*01:01,F*01:03,,,K*01:01,K*01:02
SRR13280738,A*01:01,A*24:02,B*27:05,B*08:01,C*07:01,C*02:02,DMA*01:01,DMA*01:01,DMB*01:01,DMB*01:01,DPA1*01:03,DPA1*01:03,DPB1*03:01,DPB1*04:01,DQA1*05:01,DQA1*01:02,DQB1*02:01,DQB1*06:02,DRA*01:02,DRA*01:02,DRB1*15:01,DRB1*03:01,E*01:01,E*01:03,F*01:01,F*01:01,,,,
SRR13280733,A*02:01,A*03:368,B*44:02,B*35:01,C*04:01,C*05:01,DMA*01:01,DMA*01:01,DMB*01:03,DMB*01:03,DPA1*01:03,DPA1*01:03,DPB1*04:01,DPB1*03:01,DQA1*03:03,DQA1*01:01,DQB1*05:01,DQB1*03:01,DRA*01:01,DRA*01:01,DRB1*04:01,DRB1*01:01,E*01:01,E*01:06,F*01:01,F*01:03,,,,
SRR13280729,A*01:01,A*03:01,B*07:02,B*08:01,C*07:01,C*07:02,DMA*01:01,DMA*01:02,DMB*01:03,DMB*01:01,DPA1*01:03,DPA1*01:03,DPB1*02:01,DPB1*02:01,DQA1*01:02,DQA1*05:01,DQB1*06:02,DQB1*06:02,DRA*01:02,DRA*01:02,DRB1*15:01,DRB1*03:01,E*01:01,E*01:03,F*01:01,F*01:03,,,K*01:01,K*01:01
SRR13280690,A*02:01,A*02:01,B*08:01,B*56:01,C*07:01,C*01:02,DMA*01:01,DMA*01:01,DMB*01:03,DMB*01:01,DPA1*02:01,DPA1*01:03,DPB1*01:01,DPB1*02:01,DQA1*03:03,DQA1*05:01,DQB1*03:01,DQB1*02:01,DRA*01:01,DRA*01:02,DRB1*04:01,DRB1*03:01,E*01:01,E*01:01,F*01:01,F*01:01,,,K*01:02,K*01:02
SRR13280714,A*02:844,A*23:01,B*44:02,B*44:03,C*04:01,C*05:01,DMA*01:01,DMA*01:01,DMB*01:07,DMB*01:01,DPA1*01:03,DPA1*01:03,DPB1*04:01,DPB1*04:01,DQA1*03:01,DQA1*02:01,DQB1*02:02,DQB1*03:02,DRA*01:01,DRA*01:01,DRB1*04:01,DRB1*07:01,E*01:01,E*01:01,F*01:01,F*01:03,,,K*01:02,K*01:02
SRR13280663,A*01:01,A*68:01,B*44:02,B*44:02,C*05:01,C*05:01,DMA*01:01,DMA*01:01,DMB*01:01,DMB*01:01,DPA1*02:01,DPA1*01:03,DPB1*01:01,DPB1*06:01,DQA1*05:01,DQA1*01:02,DQB1*06:02,DQB1*02:01,DRA*01:02,DRA*01:02,DRB1*15:01,DRB1*03:01,E*01:01,E*01:01,F*01:01,F*01:01,,,,
SRR13280679,A*03:01,A*11:303,B*07:02,B*40:01,C*07:02,C*03:04,DMA*01:01,DMA*01:01,DMB*01:03,DMB*01:03,DPA1*01:03,DPA1*01:03,DPB1*04:01,DPB1*04:02,DQA1*01:03,DQA1*05:01,DQB1*06:03,DQB1*06:03,DRA*01:02,DRA*01:02,DRB1*13:01,DRB1*03:01,E*01:03,E*01:03,F*01:01,F*01:03,,,,
SRR13280681,A*01:01,A*24:459,B*27:05,B*08:01,C*02:02,C*07:01,DMA*01:01,DMA*01:01,DMB*01:01,DMB*01:01,DPA1*01:03,DPA1*01:03,DPB1*03:01,DPB1*04:01,DQA1*01:02,DQA1*05:01,DQB1*02:01,DQB1*06:02,DRA*01:02,DRA*01:02,DRB1*15:01,DRB1*03:01,E*01:01,E*01:03,F*01:01,F*01:01,,,,
SRR13280705,A*03:01,A*11:303,B*07:02,B*40:01,C*07:744,C*03:04,DMA*01:01,DMA*01:01,DMB*01:03,DMB*01:03,DPA1*01:03,DPA1*01:03,DPB1*04:01,DPB1*04:02,DQA1*01:03,DQA1*05:01,DQB1*06:03,DQB1*06:03,DRA*01:02,DRA*01:02,DRB1*03:01,DRB1*13:01,E*01:03,E*01:03,F*01:01,F*01:03,H*02:25,H*02:18,K*01:01,K*01:01
SRR13280672,A*01:01,A*02:844,B*07:02,B*08:01,C*07:01,C*07:02,DMA*01:01,DMA*01:01,DMB*01:03,DMB*01:07,DPA1*01:03,DPA1*01:03,DPB1*04:01,DPB1*03:01,DQA1*01:03,DQA1*05:01,DQB1*06:03,DQB1*02:01,DRA*01:02,DRA*01:02,DRB1*03:01,DRB1*13:01,E*01:01,E*01:01,F*01:01,F*01:01,,,K*01:02,K*01:02
SRR13280668,A*01:01,A*01:01,B*07:02,B*08:01,C*07:01,C*07:02,DMA*01:01,DMA*01:01,DMB*01:01,DMB*01:01,DPA1*02:01,DPA1*01:03,DPB1*01:01,DPB1*04:01,DQA1*05:01,DQA1*01:02,DQB1*06:02,DQB1*02:01,DRA*01:02,DRA*01:02,DRB1*15:01,DRB1*03:01,E*01:01,E*01:01,F*01:01,F*01:01,,,,
SRR13280736,A*02:01,A*02:01,B*44:02,B*15:01,C*03:04,C*05:01,DMA*01:01,DMA*01:01,DMB*01:01,DMB*01:01,DPA1*01:03,DPA1*01:03,DPB1*04:02,DPB1*04:01,DQA1*03:03,DQA1*01:01,DQB1*05:01,DQB1*03:01,DRA*01:01,DRA*01:01,DRB1*04:01,DRB1*01:01,E*01:01,E*01:03,F*01:01,F*01:01,,,,
SRR13280727,A*02:01,A*03:01,B*27:05,B*13:02,C*01:02,C*06:02,DMA*01:01,DMA*01:02,,,DPA1*02:01,DPA1*01:03,DPB1*01:01,DPB1*04:01,DQA1*02:01,DQA1*03:03,DQB1*02:02,DQB1*03:01,DRA*01:01,DRA*01:01,DRB1*04:08,DRB1*07:01,E*01:01,E*01:03,F*01:01,F*01:03,H*02:04,H*01:01,K*01:01,K*01:02
SRR13280721,A*02:795Q,A*31:01,B*27:05,B*40:01,C*01:127,C*03:04,DMA*01:01,DMA*01:01,DMB*01:01,DMB*01:01,DPA1*01:03,DPA1*01:03,DPB1*02:01,DPB1*04:01,DQA1*03:01,DQA1*03:01,DQB1*03:02,DQB1*03:02,DRA*01:01,DRA*01:01,DRB1*04:01,DRB1*04:04,E*01:01,E*01:03,F*01:01,F*01:01,,,K*01:01,K*01:02
SRR13280656,A*02:844,A*32:01,B*08:01,B*44:02,C*07:01,C*05:01,DMA*01:01,DMA*01:01,DMB*01:01,DMB*01:01,DPA1*01:03,DPA1*01:03,DPB1*02:01,DPB1*04:01,DQA1*03:01,DQA1*05:01,DQB1*02:01,DQB1*03:02,DRA*01:01,DRA*01:02,DRB1*04:01,DRB1*03:01,E*01:01,E*01:01,F*01:01,F*01:01,,,,
SRR13280730,A*02:01,A*02:01,B*15:01,B*57:01,C*03:04,C*06:02,DMA*01:01,DMA*01:01,,,DPA1*01:03,DPA1*01:03,DPB1*03:01,DPB1*04:02,DQA1*03:03,DQA1*03:01,DQB1*03:02,DQB1*03:01,DRA*01:01,DRA*01:01,DRB1*04:01,DRB1*04:01,E*01:01,E*01:03,F*01:01,F*01:01,H*01:01,H*01:01,K*01:02,K*01:02
SRR13280719,A*01:372,A*02:01,B*08:01,B*15:01,C*07:01,C*03:03,DMA*01:01,DMA*01:01,DMB*01:03,DMB*01:01,DPA1*01:03,DPA1*01:03,DPB1*02:01,DPB1*04:01,DQA1*01:03,DQA1*05:01,DQB1*06:03,DQB1*06:03,DRA*01:01,DRA*01:02,DRB1*03:01,DRB1*13:01,E*01:01,E*01:03,F*01:01,F*01:01,,,K*01:01,K*01:02
SRR13280674,A*02:844,A*02:01,B*07:02,B*08:01,C*07:01,C*07:02,DMA*01:01,DMA*01:02,DMB*01:01,DMB*01:01,DPA1*01:03,DPA1*01:03,DPB1*02:01,DPB1*16:01,DQA1*01:03,DQA1*05:01,DQB1*02:01,DQB1*06:03,DRA*01:02,DRA*01:02,DRB1*03:01,DRB1*13:01,E*01:03,E*01:03,F*01:01,F*01:04,H*02:07,H*01:01,K*01:02,K*01:02
SRR13280703,A*02:01,A*02:01,B*27:05,B*39:01,C*02:205Q,C*12:03,DMA*01:01,DMA*01:01,DMB*01:01,DMB*01:01,DPA1*01:03,DPA1*01:03,DPB1*04:01,DPB1*04:02,DQA1*03:02,DQA1*03:03,DQB1*03:02,DQB1*03:03,DRA*01:01,DRA*01:01,DRB1*09:01,DRB1*04:01,E*01:01,E*01:01,F*01:01,F*01:01,,,K*01:02,K*01:02
SRR13280687,A*02:844,A*23:01,B*44:02,B*44:03,C*04:01,C*05:01,DMA*01:01,DMA*01:01,DMB*01:07,DMB*01:01,DPA1*01:03,DPA1*01:03,DPB1*04:01,DPB1*04:01,DQA1*03:01,DQA1*02:01,DQB1*02:02,DQB1*03:02,DRA*01:01,DRA*01:01,DRB1*07:01,DRB1*04:01,E*01:01,E*01:01,F*01:01,F*01:03,,,K*01:02,K*01:02
SRR13280708,A*01:01,A*03:01,B*07:335,B*08:01,C*07:01,C*07:02,DMA*01:01,DMA*01:02,DMB*01:03,DMB*01:01,DPA1*01:03,DPA1*01:03,DPB1*02:01,DPB1*02:01,DQA1*01:02,DQA1*05:01,DQB1*02:01,DQB1*06:02,DRA*01:02,DRA*01:02,DRB1*15:01,DRB1*03:01,E*01:01,E*01:03,F*01:01,F*01:03,,,,
SRR13280665,A*01:01,A*31:01,B*08:01,B*18:01,C*07:01,C*07:02,DMA*01:01,DMA*01:01,DMB*01:03,DMB*01:01,DPA1*02:01,DPA1*01:03,DPB1*04:01,DPB1*01:01,DQA1*05:01,DQA1*01:02,DQB1*02:01,DQB1*06:02,DRA*01:02,DRA*01:02,DRB1*15:01,DRB1*03:01,E*01:03,E*01:03,F*01:01,F*01:01,,,,
SRR13280712,A*01:01,A*03:01,B*07:02,B*08:01,C*07:01,C*07:02,DMA*01:01,DMA*01:01,DMB*01:01,DMB*01:01,DPA1*02:01,DPA1*01:03,DPB1*01:01,DPB1*04:01,DQA1*01:02,DQA1*05:01,DQB1*06:02,DQB1*06:114,DRA*01:02,DRA*01:02,DRB1*15:01,DRB1*03:01,E*01:01,E*01:03,F*01:01,F*01:03,,,,
SRR13280696,A*01:01,A*02:844,B*08:01,B*27:05,C*07:01,C*02:02,DMA*01:01,DMA*01:01,DMB*01:01,DMB*01:01,DPA1*02:01,DPA1*01:03,DPB1*01:01,DPB1*04:02,DQA1*03:03,DQA1*05:01,DQB1*02:01,DQB1*03:02,DRA*01:01,DRA*01:02,DRB1*04:01,DRB1*03:01,E*01:01,E*01:03,F*01:01,F*01:01,,,K*01:01,K*01:02
SRR13280669,A*01:01,A*02:01,B*08:01,B*15:01,C*03:03,C*07:01,DMA*01:01,DMA*01:01,DMB*01:03,DMB*01:01,DPA1*01:03,DPA1*01:03,DPB1*02:01,DPB1*04:01,DQA1*01:03,DQA1*05:01,DQB1*06:03,DQB1*06:03,DRA*01:01,DRA*01:02,DRB1*03:01,DRB1*13:01,E*01:01,E*01:03,F*01:01,F*01:01,,,,
SRR13280680,A*02:01,A*03:350,B*27:05,B*13:02,C*01:02,C*06:02,DMA*01:01,DMA*01:02,DMB*01:01,DMB*01:01,DPA1*02:01,DPA1*01:03,DPB1*01:01,DPB1*04:01,DQA1*02:01,DQA1*03:03,DQB1*02:02,DQB1*03:01,DRA*01:01,DRA*01:01,DRB1*07:01,DRB1*04:08,E*01:01,E*01:03,F*01:01,F*01:03,,,,
SRR13280704,A*02:01,A*02:01,B*15:01,B*44:02,C*05:01,C*03:04,DMA*01:01,DMA*01:01,DMB*01:01,DMB*01:01,DPA1*01:03,DPA1*01:03,DPB1*04:01,DPB1*04:02,DQA1*03:03,DQA1*01:01,DQB1*03:01,DQB1*05:01,DRA*01:01,DRA*01:01,DRB1*04:01,DRB1*01:01,E*01:01,E*01:03,F*01:01,F*01:01,H*01:01,H*01:01,K*01:02,K*01:02
SRR13280673,A*02:844,A*31:01,B*27:05,B*40:01,C*01:127,C*03:04,DMA*01:01,DMA*01:01,DMB*01:01,DMB*01:01,DPA1*01:03,DPA1*01:03,DPB1*02:01,DPB1*04:01,DQA1*03:01,DQA1*03:01,DQB1*03:02,DQB1*03:02,DRA*01:01,DRA*01:01,DRB1*04:04,DRB1*04:01,E*01:01,E*01:03,F*01:01,F*01:01,,,K*01:01,K*01:02
SRR13280678,A*02:01,A*02:01,B*44:02,B*15:01,C*05:01,C*03:04,DMA*01:01,DMA*01:01,DMB*01:01,DMB*01:01,DPA1*01:03,DPA1*01:03,DPB1*04:01,DPB1*04:02,DQA1*03:03,DQA1*01:01,DQB1*05:01,DQB1*03:01,DRA*01:01,DRA*01:01,DRB1*04:01,DRB1*01:01,E*01:01,E*01:03,F*01:01,F*01:01,H*01:01,H*01:01,K*01:02,K*01:02
SRR13280691,A*01:01,A*68:01,B*44:02,B*44:02,C*05:01,C*05:01,DMA*01:01,DMA*01:01,DMB*01:01,DMB*01:01,DPA1*01:03,DPA1*02:01,DPB1*01:01,DPB1*06:01,DQA1*01:02,DQA1*05:01,DQB1*06:02,DQB1*02:01,DRA*01:02,DRA*01:02,DRB1*15:01,DRB1*03:01,E*01:01,E*01:01,F*01:01,F*01:01,,,,
SRR13280715,A*02:844,A*68:02,B*15:01,B*14:02,C*03:04,C*08:02,DMA*01:01,DMA*01:01,DMB*01:03,DMB*01:01,DPA1*01:03,DPA1*01:03,DPB1*04:01,DPB1*04:01,DQA1*03:01,DQA1*05:05,DQB1*03:02,DQB1*03:01,DRA*01:01,DRA*01:02,DRB1*13:03,DRB1*04:01,E*01:01,E*01:03,F*01:01,F*01:01,H*02:05,H*01:01,K*01:02,K*01:02
SRR13280662,A*02:01,A*02:01,B*08:01,B*56:01,C*07:01,C*01:02,DMA*01:01,DMA*01:01,DMB*01:03,DMB*01:01,DPA1*02:01,DPA1*01:03,DPB1*01:01,DPB1*02:01,DQA1*03:03,DQA1*05:01,DQB1*03:01,DQB1*02:01,DRA*01:01,DRA*01:02,DRB1*04:01,DRB1*03:01,E*01:01,E*01:01,F*01:01,F*01:01,,,K*01:02,K*01:02
SRR13280726,A*03:01,A*11:303,B*07:02,B*40:01,C*07:02,C*03:04,DMA*01:01,DMA*01:01,DMB*01:03,DMB*01:03,DPA1*01:03,DPA1*01:03,DPB1*04:01,DPB1*04:02,DQA1*01:03,DQA1*05:01,DQB1*06:03,DQB1*06:03,DRA*01:02,DRA*01:02,DRB1*03:01,DRB1*13:01,E*01:03,E*01:03,F*01:01,F*01:03,H*02:07,H*02:04,K*01:01,K*01:01
SRR13280737,A*03:01,A*11:303,B*07:02,B*40:01,C*07:560,C*03:04,DMA*01:01,DMA*01:01,DMB*01:03,DMB*01:03,DPA1*01:03,DPA1*01:03,DPB1*04:01,DPB1*04:02,DQA1*01:03,DQA1*05:01,DQB1*02:01,DQB1*06:03,DRA*01:02,DRA*01:02,DRB1*03:01,DRB1*13:01,E*01:03,E*01:03,F*01:01,F*01:03,,,,
SRR13280731,A*02:01,A*02:01,B*15:01,B*13:02,C*03:03,C*06:02,DMA*01:01,DMA*01:02,DMB*01:01,DMB*01:01,DPA1*02:01,DPA1*01:03,DPB1*17:01,DPB1*04:02,DQA1*02:01,DQA1*03:01,DQB1*03:02,DQB1*02:02,DRA*01:01,DRA*01:01,DRB1*07:01,DRB1*04:01,E*01:01,E*01:03,F*01:01,F*01:01,,,,
SRR13280740,A*02:01,A*02:01,B*57:01,B*15:01,C*03:04,C*06:02,DMA*01:01,DMA*01:01,DMB*01:03,DMB*01:01,DPA1*01:03,DPA1*01:03,DPB1*03:01,DPB1*04:02,DQA1*03:01,DQA1*03:03,DQB1*03:01,DQB1*03:02,DRA*01:01,DRA*01:01,DRB1*04:01,DRB1*04:01,E*01:01,E*01:03,F*01:01,F*01:01,,,,
SRR13280720,A*01:01,A*03:01,B*08:01,B*08:01,C*07:01,C*07:970N,DMA*01:01,DMA*01:01,DMB*01:01,DMB*01:01,DPA1*02:01,DPA1*01:03,DPB1*01:01,DPB1*02:01,DQA1*01:03,DQA1*05:01,DQB1*06:03,DQB1*06:03,DRA*01:02,DRA*01:02,DRB1*03:01,DRB1*13:01,E*01:01,E*01:06,F*01:01,F*01:03,,,,
SRR13280657,A*01:01,A*03:01,B*08:211,B*07:02,C*07:02,C*07:970N,DMA*01:01,DMA*01:01,DMB*01:03,DMB*01:01,DPA1*01:03,DPA1*01:03,DPB1*04:01,DPB1*04:02,DQA1*01:02,DQA1*05:01,DQB1*02:01,DQB1*06:114,DRA*01:02,DRA*01:02,DRB1*15:01,DRB1*03:01,E*01:03,E*01:01,F*01:03,F*01:01,,,,
SRR13280664,A*01:01,A*02:01,B*40:01,B*44:02,C*03:04,C*05:01,DMA*01:01,DMA*01:01,DMB*01:01,DMB*01:01,DPA1*01:03,DPA1*01:03,DPB1*04:01,DPB1*04:01,DQA1*03:01,DQA1*01:04,DQB1*05:03,DQB1*03:02,DRA*01:01,DRA*01:02,DRB1*14:54,DRB1*04:01,E*01:01,E*01:03,F*01:01,F*01:01,,,,
SRR13280713,A*02:844,A*11:303,B*07:02,B*40:01,C*07:02,C*03:04,DMA*01:01,DMA*01:01,,,DPA1*01:03,DPA1*01:03,DPB1*04:01,DPB1*04:02,DQA1*03:03,DQA1*01:01,DQB1*03:01,DQB1*05:01,DRA*01:01,DRA*01:01,DRB1*04:01,DRB1*01:01,E*01:03,E*01:03,F*01:03,F*01:04,H*02:07,H*01:01,K*01:02,K*01:02
SRR13280697,A*01:01,A*01:01,B*07:02,B*08:01,C*07:01,C*07:02,DMA*01:01,DMA*01:01,DMB*01:01,DMB*01:01,DPA1*01:03,DPA1*02:01,DPB1*01:01,DPB1*04:01,DQA1*05:01,DQA1*01:02,DQB1*06:02,DQB1*02:01,DRA*01:02,DRA*01:02,DRB1*15:01,DRB1*03:01,E*01:01,E*01:01,F*01:01,F*01:01,,,,
SRR13280709,A*02:01,A*02:01,B*15:01,B*57:01,C*03:04,C*06:02,DMA*01:01,DMA*01:01,DMB*01:03,DMB*01:01,DPA1*01:03,DPA1*01:03,DPB1*04:02,DPB1*03:01,DQA1*03:01,DQA1*03:03,DQB1*03:01,DQB1*03:02,DRA*01:01,DRA*01:01,DRB1*04:01,DRB1*04:01,E*01:01,E*01:03,F*01:01,F*01:01,,,K*01:02,K*01:02
SRR13280675,A*02:01,A*03:01,B*07:02,B*15:01,C*07:02,C*03:03,DMA*01:01,DMA*01:01,DMB*01:01,DMB*01:01,DPA1*01:03,DPA1*01:03,DPB1*04:01,DPB1*04:01,DQA1*01:07Q,DQA1*03:01,DQB1*05:03,DQB1*03:02,DRA*01:01,DRA*01:01,DRB1*14:54,DRB1*04:01,E*01:03,E*01:03,F*01:01,F*01:03,,,K*01:01,K*01:02
SRR13280702,A*02:01,A*02:01,B*07:02,B*08:01,C*07:02,C*07:970N,DMA*01:01,DMA*01:02,DMB*01:01,DMB*01:01,DPA1*01:03,DPA1*01:03,DPB1*02:01,DPB1*16:01,DQA1*01:03,DQA1*05:01,DQB1*06:03,DQB1*06:03,DRA*01:02,DRA*01:02,DRB1*03:01,DRB1*13:01,E*01:03,E*01:03,F*01:01,F*01:04,,,K*01:02,K*01:02
SRR13280686,A*01:01,A*02:01,B*08:01,B*51:01,C*07:01,C*14:02,DMA*01:01,DMA*01:01,DMB*01:03,DMB*01:01,DPA1*02:01,DPA1*01:03,DPB1*01:01,DPB1*02:01,DQA1*01:03,DQA1*05:01,DQB1*06:03,DQB1*06:03,DRA*01:02,DRA*01:02,DRB1*03:01,DRB1*13:01,E*01:01,E*01:03,F*01:01,F*01:01,,,K*01:01,K*01:02
SRR13280718,A*01:01,A*02:844,B*27:05,B*08:01,C*07:01,C*02:02,DMA*01:01,DMA*01:01,DMB*01:01,DMB*01:01,DPA1*02:01,DPA1*01:03,DPB1*01:01,DPB1*04:02,DQA1*03:03,DQA1*05:01,DQB1*02:01,DQB1*03:02,DRA*01:01,DRA*01:02,DRB1*04:01,DRB1*03:01,E*01:01,E*01:03,F*01:01,F*01:01,,,K*01:02,K*01:02
