ERR,DRB1,DRB1.1
SRR13280655,DRB1*03:01,DRB1*04:01
SRR13280656,DRB1*03:01,DRB1*04:01
SRR13280657,DRB1*09:01,DRB1*15:01
SRR13280658,DRB1*01:02,DRB1*04:01
SRR13280659,DRB1*03:01,DRB1*13:01
SRR13280660,DRB1*04:01,DRB1*07:01
SRR13280661,DRB1*04:01,DRB1*07:01
SRR13280662,DRB1*03:01,DRB1*04:01
SRR13280663,DRB1*07:01,DRB1*15:01
SRR13280664,DRB1*04:01,DRB1*14:54
SRR13280665,DRB1*15:01,DRB1*15:01
SRR13280666,DRB1*01:01,DRB1*04:01
SRR13280667,DRB1*03:01,DRB1*04:01
SRR13280668,DRB1*15:01,DRB1*15:01
SRR13280669,DRB1*03:01,DRB1*13:01
SRR13280670,DRB1*03:01,DRB1*04:01
SRR13280671,DRB1*03:01,DRB1*13:01
SRR13280672,DRB1*03:01,DRB1*13:01
SRR13280673,DRB1*04:01,DRB1*04:04
SRR13280674,DRB1*03:01,DRB1*13:01
SRR13280675,DRB1*04:01,DRB1*14:54
SRR13280676,DRB1*04:01,DRB1*09:01
SRR13280677,DRB1*03:01,DRB1*04:01
SRR13280678,DRB1*01:01,DRB1*01:02
SRR13280679,DRB1*03:01,DRB1*13:01
SRR13280680,DRB1*07:01,DRB1*09:01
SRR13280681,DRB1*09:01,DRB1*15:01
SRR13280682,DRB1*15:01,DRB1*15:01
SRR13280683,DRB1*04:01,DRB1*09:01
SRR13280684,DRB1*04:01,DRB1*09:01
SRR13280685,DRB1*04:01,DRB1*15:01
SRR13280686,DRB1*03:01,DRB1*15:01
SRR13280687,DRB1*04:01,DRB1*15:01
SRR13280688,DRB1*04:01,DRB1*15:01
SRR13280689,DRB1*04:01,DRB1*15:01
SRR13280690,DRB1*04:01,DRB1*15:01
SRR13280691,DRB1*09:01,DRB1*15:01
SRR13280692,DRB1*04:01,DRB1*09:01
SRR13280693,DRB1*09:01,DRB1*15:01
SRR13280694,DRB1*09:01,DRB1*15:01
SRR13280695,DRB1*04:01,DRB1*09:01
SRR13280696,DRB1*04:01,DRB1*09:01
SRR13280697,DRB1*15:01,DRB1*15:01
SRR13280698,DRB1*09:01,DRB1*15:01
SRR13280699,DRB1*04:01,DRB1*09:01
SRR13280700,DRB1*07:01,DRB1*09:01
SRR13280701,DRB1*07:01,DRB1*09:01
SRR13280702,DRB1*09:01,DRB1*15:01
SRR13280703,DRB1*07:01,DRB1*09:01
SRR13280704,DRB1*04:01,DRB1*09:32
SRR13280705,DRB1*09:01,DRB1*15:01
SRR13280706,DRB1*09:01,DRB1*15:01
SRR13280707,DRB1*15:01,DRB1*15:01
SRR13280708,DRB1*15:01,DRB1*15:01
SRR13280709,DRB1*04:01,DRB1*15:01
SRR13280710,DRB1*09:01,DRB1*15:01
SRR13280711,DRB1*09:01,DRB1*15:01
SRR13280712,DRB1*09:01,DRB1*15:01
SRR13280713,DRB1*09:32,DRB1*15:01
SRR13280714,DRB1*09:01,DRB1*15:01
SRR13280715,DRB1*09:01,DRB1*15:01
SRR13280716,DRB1*07:01,DRB1*15:01
SRR13280717,DRB1*04:01,DRB1*15:01
SRR13280718,DRB1*09:01,DRB1*15:01
SRR13280719,DRB1*15:01,DRB1*15:01
SRR13280720,DRB1*09:01,DRB1*15:01
SRR13280721,DRB1*09:01,DRB1*15:01
SRR13280722,DRB1*09:01,DRB1*15:01
SRR13280723,DRB1*09:01,DRB1*15:01
SRR13280724,DRB1*04:01,DRB1*15:01
SRR13280725,DRB1*09:01,DRB1*15:01
SRR13280726,DRB1*09:01,DRB1*15:01
SRR13280727,DRB1*09:01,DRB1*15:01
SRR13280728,DRB1*09:01,DRB1*15:01
SRR13280729,DRB1*15:01,DRB1*15:01
SRR13280730,DRB1*09:01,DRB1*15:01
SRR13280731,DRB1*04:01,DRB1*07:01
SRR13280732,DRB1*03:01,DRB1*04:01
SRR13280733,DRB1*01:02,DRB1*04:01
SRR13280734,DRB1*03:01,DRB1*15:01
SRR13280735,DRB1*04:01,DRB1*15:01
SRR13280736,DRB1*01:01,DRB1*01:02
SRR13280737,DRB1*03:01,DRB1*13:01
SRR13280738,DRB1*15:01,DRB1*15:01
SRR13280739,DRB1*15:01,DRB1*15:01
SRR13280740,DRB1*04:01,DRB1*04:01
