ERR,A,A.1,B,B.1,C,C.1,DQA1,DQA1.1,DRB1,DRB1.1,DRA,DRA.1,DPA1,DPA1.1,DPB1,DQB1
SRR5252835,A*11:01',A*02:01',B*55:01',B*51:01,C*15:02',C*03:03,DQA1*05:01,DQA1*05:01,DRBA1*00:00,DRBA1*00:00,DRA*01:01',DRA*01:01,DPA1*01:03',DPA1*01:03,DPB1*105:01,DPB1*00:00
SRR5252837,A*02:01',A*11:02',B*18:01,B*27:05,C*01:02,C*07:06',DQA1*01:02,DQA1*01:02,DRB1*01:01',DRB1*13:01',DRA*01:01',DRA*01:01,DPA1*03:01',DPA1*03:01,DPB1*02:01,DPB1*104:01
SRR5252839,A*24:02,A*11:01,B*07:02,B*15:01',C*03:03,C*07:02,DQA1*05:02',DQA1*05:02,DRB1*12:01',DRB1*12:01,DRA*01:01',DRA*01:01,DPA1*02:01',DPA1*02:01,DPB1*104:01,DQB1*05:01'
SRR5252843,A*03:01,A*01:01,B*08:01,B*35:01,C*04:01,C*07:01',DQA1*00:00,DQA1*00:00,DRB1*03:05',DRB1*03:05,DRA*01:01',DRA*01:01,DPA1*02:01',DPA1*02:01,DPB1*107:01,DPB1*02:01
SRR5252844,A*03:01,A*01:01,B*08:01,B*07:02,C*07:01',C*07:01,DQA1*00:00,DQA1*00:00,DRBA1*00:00,DRBA1*00:00,DRA*00:00,DRA*00:00,DPA1*02:03',DPA1*02:03,DPB1*04:02',DPB1*00:00
SRR5252845,A*26:01,A*02:01,B*40:01',B*51:01',C*03:04,C*14:02,DQA1*01:02',DQA1*01:02,DRB1*11:02',DRB1*15:01',DRA*01:01',DRA*01:01,DPA1*02:01',DPA1*02:01,DPB1*105:01,DPB1*105:01
SRR5252846,A*01:01,A*02:01,B*51:01',B*44:02',C*05:01,C*07:01',DQA1*00:00,DQA1*00:00,DRBA1*00:00,DRBA1*00:00,DRA*00:00,DRA*00:00,DPA1*03:01',DPA1*03:01,DPB1*04:01,DPB1*00:00
SRR5252851,A*11:02',A*02:01',B*55:01,B*51:01',C*15:05',C*03:03,DQA1*00:00,DQA1*00:00,DRB1*15:01',DRB1*15:01,DRA*00:00,DRA*00:00,DPA1*02:01,DPA1*02:01,DPB1*00:00,DPB1*107:01
SRR5252853,A*02:01',A*11:01',B*18:01,B*27:09',C*07:01',C*14:02',DQA1*01:02',DQA1*01:02,DRB1*01:01',DRB1*01:01,DRA*01:01',DRA*01:01,DPA1*02:01',DPA1*02:01,DPB1*105:01,DPB1*00:00
SRR5252855,A*24:02',A*11:01,B*42:02',B*35:01',C*03:03,C*03:03,DQA1*00:00,DQA1*00:00,DRBA1*00:00,DRBA1*00:00,DRA*00:00,DRA*00:00,DPA1*00:00,DPA1*00:00,DPB1*00:00,DPB1*04:02
SRR5252859,A*03:01,A*01:01,B*08:01,B*35:01,C*04:01,C*07:01',DQA1*00:00,DQA1*00:00,DRBA1*00:00,DRBA1*00:00,DRA*00:00,DRA*00:00,DPA1*02:01,DPA1*02:01,DPB1*90:01,DQB1*06:13
SRR5252860,A*03:01,A*01:01,B*08:01,B*07:02',C*07:01',C*07:01,DQA1*00:00,DQA1*00:00,DRB1*13:12,DRB1*13:12,DRA*01:01',DRA*01:01,DPA1*03:01',DPA1*03:01,DPB1*105:01,DPB1*105:01
SRR5252861,A*02:06',A*26:01',B*40:01',B*51:01',C*03:04,C*14:02',DQA1*01:02',DQA1*01:02,DRBA1*00:00,DRBA1*00:00,DRA*01:01',DRA*01:01,DPA1*00:00,DPA1*00:00,DPB1*00:00,DPB1*00:00
SRR5252862,A*02:01',A*01:01',B*51:01',B*44:02',C*05:01,C*07:01',DQA1*00:00,DQA1*00:00,DRBA1*00:00,DRBA1*00:00,DRA*00:00,DRA*00:00,DPA1*00:00,DPA1*00:00,DPB1*00:00,DPB1*93:01
