subject	A1	A2	B1	B2	C1	C2	DMA1	DMA2	DMB1	DMB2	DPA11	DPA12	DPB11	DPB12	DQA11	DQA12	DQB11	DQB12	DRA1	DRA2	DRB11	DRB12	E1	E2	F1	F2	K1	K2	J1	J2
SRR13280675_61	A*02:844	A*03:01	B*07:237	B*15:01	C*03:03	C*07:02	DMA*01:01	DMA*01:01	DMB*01:01	DMB*01:01	DPA1*01:03	DPA1*01:03	DPB1*04:01	DPB1*04:01	DQA1*03:01	DQA1*01:07Q	DQB1*05:03	DQB1*03:02	DRA*01:01	DRA*01:01	DRB1*14:54	DRB1*04:01	E*01:03	E*01:03	F*01:01	F*01:03	K*01:01	K*01:02		
SRR5252860_106	A*01:01	A*03:349	B*07:423	B*08:01	C*07:02	C*07:970N					DPA1*01:03	DPA1*01:03							DRA*01:02	DRA*01:02			E*01:01	E*01:03	F*01:03	F*01:01				
SRR13280666_101	A*03:01	A*02:01	B*35:01	B*44:02	C*04:01	C*05:01	DMA*01:01	DMA*01:01	DMB*01:03	DMB*01:03	DPA1*01:03	DPA1*01:03	DPB1*03:01	DPB1*04:01	DQA1*03:03	DQA1*01:01	DQB1*03:01	DQB1*05:01	DRA*01:01	DRA*01:01	DRB1*04:01	DRB1*01:01	E*01:01	E*01:06	F*01:01	F*01:03				
SRR13280655_101	A*02:844	A*03:01	B*40:01	B*15:01	C*03:04	C*03:04	DMA*01:01	DMA*01:01	DMB*01:07	DMB*01:01	DPA1*01:03	DPA1*01:03	DPB1*03:01	DPB1*04:01	DQA1*03:01	DQA1*05:01	DQB1*03:02	DQB1*02:01	DRA*01:01	DRA*01:02	DRB1*04:01	DRB1*03:01	E*01:03	E*01:03	F*01:01	F*01:03	K*01:01	K*01:02		
SRR5252859_101	A*01:01	A*03:01	B*08:01	B*35:01	C*07:01	C*04:01																	E*01:03	E*01:06	F*01:01	F*01:03				
SRR5252859_91	A*01:01	A*03:01	B*08:01	B*35:01	C*04:01	C*07:01																	E*01:03	E*01:06	F*01:01	F*01:03				
SRR5252845_46	A*26:01	A*02:864	B*51:01	B*40:01	C*03:04	C*14:02	DMA*01:01	DMA*01:01			DPA1*01:03	DPA1*01:03	DPB1*04:01	DPB1*04:01	DQA1*01:03	DQA1*01:02	DQB1*06:03	DQB1*06:115	DRA*01:02	DRA*01:02	DRB1*15:01	DRB1*13:01	E*01:01	E*01:03	F*01:01	F*01:01	K*01:01	K*01:02		
SRR13280683_126	A*02:01	A*02:01	B*57:01	B*15:01	C*03:04	C*06:02	DMA*01:01	DMA*01:01	DMB*01:03	DMB*01:01	DPA1*01:03	DPA1*01:03	DPB1*04:02	DPB1*03:01	DQA1*03:01	DQA1*03:03	DQB1*03:02	DQB1*03:01	DRA*01:01	DRA*01:01	DRB1*04:01	DRB1*04:01	E*01:03	E*01:01	F*01:01	F*01:01				
SRR13280683_81	A*02:01	A*02:150	B*57:01	B*15:01	C*03:564	C*06:02	DMA*01:01	DMA*01:01	DMB*01:03	DMB*01:01	DPA1*01:03	DPA1*01:03	DPB1*03:01	DPB1*04:02	DQA1*03:01	DQA1*03:03	DQB1*03:01	DQB1*03:02	DRA*01:01	DRA*01:01	DRB1*04:01	DRB1*04:01	E*01:01	E*01:03	F*01:01	F*01:01				
SRR13280666_66	A*02:844	A*03:01	B*44:269	B*35:01	C*04:01	C*05:187	DMA*01:01	DMA*01:01	DMB*01:03	DMB*01:03	DPA1*01:03	DPA1*01:03	DPB1*04:01	DPB1*03:01	DQA1*03:03	DQA1*01:01	DQB1*03:01	DQB1*05:01	DRA*01:01	DRA*01:01	DRB1*04:01	DRB1*01:01	E*01:01	E*01:06	F*01:01	F*01:03				
SRR5252837_61	A*11:252	A*02:01	B*27:05	B*18:01	C*07:01	C*01:02	DMA*01:02	DMA*01:02			DPA1*01:03	DPA1*01:03	DPB1*02:01	DPB1*23:01					DRA*01:01	DRA*01:02	DRB1*01:01	DRB1*13:01	E*01:01	E*01:03	F*01:01	F*01:01	K*01:02	K*01:02		
SRR5252845_86	A*02:01	A*26:01	B*51:01	B*40:01	C*03:04	C*14:02	DMA*01:01	DMA*01:01			DPA1*01:03	DPA1*01:03	DPB1*04:01	DPB1*04:01	DQA1*01:03	DQA1*01:02	DQB1*06:03	DQB1*06:115	DRA*01:02	DRA*01:02	DRB1*15:01	DRB1*13:01	E*01:01	E*01:03	F*01:01	F*01:01	K*01:01	K*01:02		
SRR5252859_51	A*01:227	A*03:01	B*08:01	B*35:01	C*07:554	C*04:01																	E*01:03	E*01:06	F*01:03	F*01:01				
SRR13280675_121	A*02:01	A*03:01	B*07:02	B*15:01	C*07:744	C*03:03	DMA*01:01	DMA*01:01	DMB*01:01	DMB*01:01	DPA1*01:03	DPA1*01:03	DPB1*04:01	DPB1*04:01	DQA1*01:07Q	DQA1*03:01	DQB1*05:03	DQB1*03:02	DRA*01:01	DRA*01:01	DRB1*14:54	DRB1*04:01	E*01:03	E*01:03	F*01:01	F*01:03	K*01:01	K*01:02		
SRR13280683_41	A*02:844	A*02:844	B*15:01	B*57:01	C*03:392N	C*06:02	DMA*01:01	DMA*01:01	DMB*01:03	DMB*01:01	DPA1*01:03	DPA1*01:03	DPB1*03:01	DPB1*04:02	DQA1*03:01	DQA1*03:03	DQB1*03:02	DQB1*03:01	DRA*01:01	DRA*01:01	DRB1*04:01	DRB1*04:01	E*01:01	E*01:03	F*01:01	F*01:01				
SRR5252860_71	A*01:01	A*03:01	B*07:158	B*08:01	C*07:636	C*07:67					DPA1*01:03	DPA1*01:03							DRA*01:02	DRA*01:02			E*01:01	E*01:03	F*01:03	F*01:01				
SRR13280655_61	A*02:844	A*03:01	B*40:01	B*15:01	C*03:04	C*03:04	DMA*01:01	DMA*01:01	DMB*01:07	DMB*01:01	DPA1*01:03	DPA1*01:03	DPB1*03:01	DPB1*04:01	DQA1*05:01	DQA1*03:01	DQB1*03:02	DQB1*02:01	DRA*01:01	DRA*01:02	DRB1*04:01	DRB1*03:01	E*01:03	E*01:03	F*01:01	F*01:03	K*01:01	K*01:02		
SRR5252837_106	A*02:01	A*11:303	B*18:01	B*27:05	C*07:01	C*01:02	DMA*01:02	DMA*01:02			DPA1*01:03	DPA1*01:03	DPB1*02:01	DPB1*04:01					DRA*01:01	DRA*01:02	DRB1*01:01	DRB1*13:01	E*01:01	E*01:03	F*01:01	F*01:01	K*01:02	K*01:02		
SRR13280683_56	A*02:844	A*02:919	B*15:01	B*57:01	C*06:02	C*03:04	DMA*01:01	DMA*01:01	DMB*01:03	DMB*01:01	DPA1*01:03	DPA1*01:03	DPB1*03:01	DPB1*04:02	DQA1*03:01	DQA1*03:03	DQB1*03:01	DQB1*03:02	DRA*01:01	DRA*01:01	DRB1*04:01	DRB1*04:01	E*01:01	E*01:03	F*01:01	F*01:01				
SRR5252845_126	A*26:01	A*02:01	B*40:01	B*51:01	C*03:04	C*14:02	DMA*01:01	DMA*01:01			DPA1*01:03	DPA1*01:03	DPB1*04:01	DPB1*04:01	DQA1*01:03	DQA1*01:02			DRA*01:02	DRA*01:02	DRB1*15:01	DRB1*13:01	E*01:01	E*01:03	F*01:01	F*01:01	K*01:01	K*01:02		
SRR5252837_76	A*02:01	A*11:272Q	B*18:01	B*27:05	C*07:01	C*01:02	DMA*01:02	DMA*01:02			DPA1*01:03	DPA1*01:03	DPB1*02:01	DPB1*23:01					DRA*01:01	DRA*01:02	DRB1*01:01	DRB1*13:01	E*01:01	E*01:03	F*01:01	F*01:01	K*01:02	K*01:02		
SRR5252859_46	A*01:227	A*03:01	B*08:01	B*35:01	C*07:01	C*04:01																	E*01:03	E*01:06	F*01:03	F*01:01				
SRR5252845_91	A*02:01	A*26:01	B*51:01	B*40:01	C*03:04	C*14:02	DMA*01:01	DMA*01:01			DPA1*01:03	DPA1*01:03	DPB1*04:01	DPB1*04:01	DQA1*01:03	DQA1*01:02	DQB1*06:02	DQB1*06:03	DRA*01:02	DRA*01:02	DRB1*15:01	DRB1*13:01	E*01:01	E*01:03	F*01:01	F*01:01	K*01:01	K*01:02		
SRR13280666_71	A*02:844	A*03:01	B*44:02	B*35:01	C*04:01	C*05:187	DMA*01:01	DMA*01:01	DMB*01:03	DMB*01:03	DPA1*01:03	DPA1*01:03	DPB1*03:01	DPB1*04:01	DQA1*03:03	DQA1*01:01	DQB1*03:01	DQB1*05:01	DRA*01:01	DRA*01:01	DRB1*04:01	DRB1*01:01	E*01:01	E*01:06	F*01:01	F*01:03				
SRR13280655_76	A*02:844	A*03:01	B*40:01	B*15:01	C*03:04	C*03:04	DMA*01:01	DMA*01:01	DMB*01:07	DMB*01:01	DPA1*01:03	DPA1*01:03	DPB1*03:01	DPB1*04:01	DQA1*05:01	DQA1*03:01	DQB1*02:01	DQB1*03:02	DRA*01:01	DRA*01:02	DRB1*04:01	DRB1*03:01	E*01:03	E*01:03	F*01:01	F*01:03	K*01:01	K*01:02		
SRR5252837_111	A*02:01	A*11:01	B*27:05	B*18:01	C*07:01	C*01:02	DMA*01:02	DMA*01:02			DPA1*01:03	DPA1*01:03	DPB1*02:01	DPB1*04:01					DRA*01:01	DRA*01:02	DRB1*01:01	DRB1*13:01	E*01:01	E*01:03	F*01:01	F*01:01	K*01:02	K*01:02		
SRR5252860_66	A*01:01	A*03:374N	B*08:292	B*08:79	C*07:636	C*07:67					DPA1*01:03	DPA1*01:80							DRA*01:02	DRA*01:02			E*01:01	E*01:03	F*01:03	F*01:01				
SRR13280683_36	A*02:844	A*02:844	B*15:01	B*57:01	C*03:393	C*06:318	DMA*01:01	DMA*01:01	DMB*01:03	DMB*01:01	DPA1*01:03	DPA1*01:03	DPB1*03:01	DPB1*04:02	DQA1*03:01	DQA1*03:03	DQB1*03:02	DQB1*03:01	DRA*01:01	DRA*01:01	DRB1*04:01	DRB1*04:01	E*01:01	E*01:03	F*01:01	F*01:01				
SRR13280675_76	A*02:844	A*03:01	B*07:237	B*15:01	C*03:03	C*07:710	DMA*01:01	DMA*01:01	DMB*01:01	DMB*01:01	DPA1*01:03	DPA1*01:03	DPB1*04:01	DPB1*04:01	DQA1*01:07Q	DQA1*03:01	DQB1*03:02	DQB1*05:03	DRA*01:01	DRA*01:01	DRB1*14:54	DRB1*04:01	E*01:03	E*01:03	F*01:01	F*01:03	K*01:01	K*01:02		
SRR5252860_111	A*01:01	A*03:349	B*07:423	B*08:01	C*07:02	C*07:970N					DPA1*01:03	DPA1*01:03							DRA*01:02	DRA*01:02			E*01:01	E*01:03	F*01:03	F*01:01				
SRR13280683_96	A*02:01	A*02:01	B*57:01	B*15:01	C*03:564	C*06:02	DMA*01:01	DMA*01:01	DMB*01:03	DMB*01:01	DPA1*01:03	DPA1*01:03	DPB1*04:02	DPB1*03:01	DQA1*03:01	DQA1*03:03	DQB1*03:01	DQB1*03:02	DRA*01:01	DRA*01:01	DRB1*04:01	DRB1*04:01	E*01:03	E*01:01	F*01:01	F*01:01				
SRR13280655_116	A*03:350	A*02:01	B*15:01	B*40:01	C*03:04	C*03:04	DMA*01:01	DMA*01:01	DMB*01:07	DMB*01:01	DPA1*01:03	DPA1*01:03	DPB1*03:01	DPB1*04:01	DQA1*03:01	DQA1*05:01	DQB1*03:02	DQB1*02:01	DRA*01:01	DRA*01:02	DRB1*04:01	DRB1*03:01	E*01:03	E*01:03	F*01:01	F*01:03	K*01:01	K*01:02		
SRR13280666_116	A*03:01	A*02:01	B*44:02	B*35:01	C*04:01	C*05:01	DMA*01:01	DMA*01:01	DMB*01:03	DMB*01:03	DPA1*01:03	DPA1*01:03	DPB1*03:01	DPB1*04:01	DQA1*03:03	DQA1*01:01	DQB1*03:01	DQB1*05:01	DRA*01:01	DRA*01:01	DRB1*04:01	DRB1*01:01	E*01:01	E*01:06	F*01:01	F*01:03				
SRR5252845_51	A*02:150	A*26:01	B*51:01	B*40:01	C*03:04	C*14:02	DMA*01:01	DMA*01:01			DPA1*01:03	DPA1*01:03	DPB1*04:01	DPB1*04:01	DQA1*01:03	DQA1*01:02	DQB1*06:03	DQB1*06:115	DRA*01:02	DRA*01:02	DRB1*15:01	DRB1*13:01	E*01:01	E*01:03	F*01:01	F*01:01	K*01:01	K*01:02		
SRR5252859_86	A*01:281Q	A*03:01	B*08:01	B*35:01	C*04:01	C*07:01																	E*01:03	E*01:06	F*01:03	F*01:01				
SRR5252859_116	A*01:281Q	A*03:01	B*35:01	B*08:01	C*07:01	C*04:01																	E*01:03	E*01:06	F*01:01	F*01:03				
SRR5252845_36	A*02:864	A*26:208	B*51:01	B*40:01	C*03:513	C*14:02	DMA*01:01	DMA*01:01			DPA1*01:03	DPA1*01:87Q	DPB1*04:01	DPB1*04:01	DQA1*01:03	DQA1*01:02	DQB1*06:113	DQB1*06:352	DRA*01:02	DRA*01:02	DRB1*15:01	DRB1*13:01	E*01:01	E*01:03	F*01:01	F*01:01	K*01:01	K*01:02		
SRR5252860_116	A*01:01	A*03:01	B*07:423	B*08:01	C*07:02	C*07:970N					DPA1*01:03	DPA1*01:03							DRA*01:02	DRA*01:02			E*01:01	E*01:03	F*01:03	F*01:01				
SRR13280675_71	A*02:844	A*03:01	B*07:237	B*15:01	C*03:03	C*07:710	DMA*01:01	DMA*01:01	DMB*01:01	DMB*01:01	DPA1*01:03	DPA1*01:03	DPB1*04:01	DPB1*04:01	DQA1*01:07Q	DQA1*03:01	DQB1*05:03	DQB1*03:02	DRA*01:01	DRA*01:01	DRB1*14:54	DRB1*04:01	E*01:03	E*01:03	F*01:01	F*01:03	K*01:01	K*01:02		
SRR13280683_91	A*02:01	A*02:01	B*57:01	B*15:01	C*03:564	C*06:02	DMA*01:01	DMA*01:01	DMB*01:03	DMB*01:01	DPA1*01:03	DPA1*01:03	DPB1*04:02	DPB1*03:01	DQA1*03:01	DQA1*03:03	DQB1*03:01	DQB1*03:02	DRA*01:01	DRA*01:01	DRB1*04:01	DRB1*04:01	E*01:03	E*01:01	F*01:01	F*01:01				
SRR5252859_111	A*01:01	A*03:01	B*35:01	B*08:01	C*04:01	C*07:01																	E*01:03	E*01:06	F*01:01	F*01:03				
SRR5252859_81	A*01:01	A*03:01	B*08:01	B*35:01	C*07:01	C*04:01																	E*01:03	E*01:06	F*01:03	F*01:01				
SRR5252845_56	A*02:150	A*26:01	B*51:01	B*40:01	C*03:04	C*14:02	DMA*01:01	DMA*01:01			DPA1*01:03	DPA1*01:03	DPB1*04:01	DPB1*04:01	DQA1*01:03	DQA1*01:02	DQB1*06:03	DQB1*06:115	DRA*01:02	DRA*01:02	DRB1*15:01	DRB1*13:01	E*01:01	E*01:03	F*01:01	F*01:01	K*01:01	K*01:02		
SRR13280655_111	A*02:01	A*03:350	B*40:01	B*15:01	C*03:04	C*03:04	DMA*01:01	DMA*01:01	DMB*01:07	DMB*01:01	DPA1*01:03	DPA1*01:03	DPB1*03:01	DPB1*04:01	DQA1*03:01	DQA1*05:01	DQB1*03:02	DQB1*02:01	DRA*01:01	DRA*01:02	DRB1*04:01	DRB1*03:01	E*01:03	E*01:03	F*01:01	F*01:03	K*01:01	K*01:02		
SRR13280666_111	A*03:01	A*02:01	B*44:02	B*35:01	C*04:01	C*05:01	DMA*01:01	DMA*01:01	DMB*01:03	DMB*01:03	DPA1*01:03	DPA1*01:03	DPB1*03:01	DPB1*04:01	DQA1*03:03	DQA1*01:01	DQB1*03:01	DQB1*05:01	DRA*01:01	DRA*01:01	DRB1*04:01	DRB1*01:01	E*01:01	E*01:06	F*01:01	F*01:03				
SRR5252845_121	A*02:01	A*26:01	B*51:01	B*40:01	C*03:04	C*14:02	DMA*01:01	DMA*01:01			DPA1*01:03	DPA1*01:03	DPB1*04:01	DPB1*04:01	DQA1*01:03	DQA1*01:02			DRA*01:02	DRA*01:02	DRB1*15:01	DRB1*13:01	E*01:01	E*01:03	F*01:01	F*01:01	K*01:01	K*01:02		
SRR13280683_51	A*02:844	A*02:919	B*15:01	B*57:01	C*03:393	C*06:02	DMA*01:01	DMA*01:01	DMB*01:03	DMB*01:01	DPA1*01:03	DPA1*01:03	DPB1*03:01	DPB1*04:02	DQA1*03:01	DQA1*03:03	DQB1*03:01	DQB1*03:02	DRA*01:01	DRA*01:01	DRB1*04:01	DRB1*04:01	E*01:01	E*01:03	F*01:01	F*01:01				
SRR13280666_76	A*02:844	A*03:01	B*44:02	B*35:01	C*04:01	C*05:01	DMA*01:01	DMA*01:01	DMB*01:03	DMB*01:03	DPA1*01:03	DPA1*01:03	DPB1*03:01	DPB1*04:01	DQA1*03:03	DQA1*01:01	DQB1*03:01	DQB1*05:01	DRA*01:01	DRA*01:01	DRB1*04:01	DRB1*01:01	E*01:01	E*01:06	F*01:01	F*01:03				
SRR5252845_96	A*02:01	A*26:01	B*51:01	B*40:01	C*03:04	C*14:02	DMA*01:01	DMA*01:01			DPA1*01:03	DPA1*01:03	DPB1*04:01	DPB1*04:01	DQA1*01:03	DQA1*01:02	DQB1*06:02	DQB1*06:03	DRA*01:02	DRA*01:02	DRB1*15:01	DRB1*13:01	E*01:01	E*01:03	F*01:01	F*01:01	K*01:01	K*01:02		
SRR5252859_41	A*01:01	A*03:374N	B*08:01	B*35:01	C*04:01	C*07:93																	E*01:03	E*01:06	F*01:03	F*01:01				
SRR5252837_71	A*02:648	A*11:272Q	B*27:05	B*18:01	C*07:01	C*01:02	DMA*01:02	DMA*01:02			DPA1*01:03	DPA1*01:03	DPB1*02:01	DPB1*23:01					DRA*01:01	DRA*01:02	DRB1*01:01	DRB1*13:01	E*01:01	E*01:03	F*01:01	F*01:01	K*01:02	K*01:02		
SRR5252860_61	A*01:01	A*03:401	B*08:147	B*08:79	C*07:970N	C*07:970N					DPA1*01:03	DPA1*01:80							DRA*01:02	DRA*01:02			E*01:01	E*01:03	F*01:03	F*01:01				
SRR5252837_116	A*02:01	A*11:01	B*18:01	B*27:05	C*07:01	C*01:02	DMA*01:02	DMA*01:02			DPA1*01:03	DPA1*01:03	DPB1*02:01	DPB1*04:01					DRA*01:01	DRA*01:02	DRB1*01:01	DRB1*13:01	E*01:01	E*01:03	F*01:01	F*01:01	K*01:02	K*01:02		
SRR13280655_71	A*02:844	A*03:01	B*15:01	B*40:01	C*03:04	C*03:04	DMA*01:01	DMA*01:01	DMB*01:07	DMB*01:01	DPA1*01:03	DPA1*01:03	DPB1*03:01	DPB1*04:01	DQA1*05:01	DQA1*03:01	DQB1*02:01	DQB1*03:02	DRA*01:01	DRA*01:02	DRB1*04:01	DRB1*03:01	E*01:03	E*01:03	F*01:01	F*01:03	K*01:01	K*01:02		
SRR5252859_56	A*01:01	A*03:01	B*08:01	B*35:01	C*07:01	C*04:01																	E*01:03	E*01:06	F*01:03	F*01:01				
SRR5252845_81	A*02:150	A*26:01	B*40:01	B*51:01	C*03:04	C*14:02	DMA*01:01	DMA*01:01			DPA1*01:03	DPA1*01:03	DPB1*04:01	DPB1*04:01	DQA1*01:03	DQA1*01:02	DQB1*06:03	DQB1*06:115	DRA*01:02	DRA*01:02	DRB1*15:01	DRB1*13:01	E*01:01	E*01:03	F*01:01	F*01:01	K*01:01	K*01:02		
SRR5252837_66	A*02:648	A*11:272Q	B*18:01	B*27:05	C*01:02	C*07:01	DMA*01:02	DMA*01:02			DPA1*01:03	DPA1*01:03	DPB1*02:01	DPB1*23:01					DRA*01:01	DRA*01:02	DRB1*01:01	DRB1*13:01	E*01:01	E*01:03	F*01:01	F*01:01	K*01:02	K*01:02		
SRR13280666_61	A*02:844	A*03:01	B*44:225	B*35:01	C*04:01	C*05:187	DMA*01:01	DMA*01:01	DMB*01:03	DMB*01:03	DPA1*01:03	DPA1*01:03	DPB1*04:01	DPB1*03:01	DQA1*03:03	DQA1*01:01	DQB1*03:01	DQB1*05:01	DRA*01:01	DRA*01:01	DRB1*04:01	DRB1*01:01	E*01:01	E*01:06	F*01:01	F*01:03				
SRR13280683_46	A*02:844	A*02:844	B*15:01	B*57:01	C*03:443	C*06:02	DMA*01:01	DMA*01:01	DMB*01:03	DMB*01:01	DPA1*01:03	DPA1*01:03	DPB1*04:02	DPB1*03:01	DQA1*03:01	DQA1*03:03	DQB1*03:02	DQB1*03:01	DRA*01:01	DRA*01:01	DRB1*04:01	DRB1*04:01	E*01:01	E*01:03	F*01:01	F*01:01				
SRR13280675_126	A*02:01	A*03:01	B*07:02	B*15:01	C*07:02	C*03:03	DMA*01:01	DMA*01:01	DMB*01:01	DMB*01:01	DPA1*01:03	DPA1*01:03	DPB1*04:01	DPB1*04:01	DQA1*01:07Q	DQA1*03:01	DQB1*05:03	DQB1*03:02	DRA*01:01	DRA*01:01	DRB1*14:54	DRB1*04:01	E*01:03	E*01:03	F*01:01	F*01:03	K*01:01	K*01:02		
SRR5252837_101	A*02:01	A*11:272Q	B*18:01	B*27:05	C*07:01	C*01:02	DMA*01:02	DMA*01:02			DPA1*01:03	DPA1*01:03	DPB1*02:01	DPB1*04:01					DRA*01:01	DRA*01:02	DRB1*01:01	DRB1*13:01	E*01:01	E*01:03	F*01:01	F*01:01	K*01:02	K*01:02		
SRR13280655_66	A*02:844	A*03:01	B*15:01	B*40:01	C*03:04	C*03:04	DMA*01:01	DMA*01:01	DMB*01:07	DMB*01:01	DPA1*01:03	DPA1*01:03	DPB1*03:01	DPB1*04:01	DQA1*05:01	DQA1*03:01	DQB1*03:02	DQB1*02:01	DRA*01:01	DRA*01:02	DRB1*04:01	DRB1*03:01	E*01:03	E*01:03	F*01:01	F*01:03	K*01:01	K*01:02		
SRR5252860_76	A*01:01	A*03:349	B*07:158	B*08:01	C*07:02	C*07:636					DPA1*01:03	DPA1*01:03							DRA*01:02	DRA*01:02			E*01:01	E*01:03	F*01:03	F*01:01				
SRR5252859_36	A*01:01	A*03:01	B*35:530	B*35:530	C*04:01	C*07:970N																	E*01:03	E*01:06	F*01:03	F*01:01				
SRR5252860_101	A*01:01	A*03:349	B*07:423	B*08:01	C*07:02	C*07:970N					DPA1*01:03	DPA1*01:03							DRA*01:02	DRA*01:02			E*01:01	E*01:03	F*01:03	F*01:01				
SRR13280675_66	A*02:844	A*03:01	B*15:01	B*07:237	C*03:03	C*07:865	DMA*01:01	DMA*01:01	DMB*01:01	DMB*01:01	DPA1*01:03	DPA1*01:03	DPB1*04:01	DPB1*04:01	DQA1*01:07Q	DQA1*03:01	DQB1*05:03	DQB1*03:02	DRA*01:01	DRA*01:01	DRB1*14:54	DRB1*04:01	E*01:03	E*01:03	F*01:01	F*01:03	K*01:01	K*01:02		
SRR13280683_121	A*02:01	A*02:01	B*57:01	B*15:01	C*03:04	C*06:02	DMA*01:01	DMA*01:01	DMB*01:03	DMB*01:01	DPA1*01:03	DPA1*01:03	DPB1*04:02	DPB1*03:01	DQA1*03:01	DQA1*03:03	DQB1*03:02	DQB1*03:01	DRA*01:01	DRA*01:01	DRB1*04:01	DRB1*04:01	E*01:03	E*01:01	F*01:01	F*01:01				
SRR5252845_41	A*26:01	A*02:864	B*51:01	B*40:01	C*03:04	C*14:02	DMA*01:01	DMA*01:01			DPA1*01:03	DPA1*01:03	DPB1*04:01	DPB1*04:01	DQA1*01:03	DQA1*01:02	DQB1*06:03	DQB1*06:115	DRA*01:02	DRA*01:02	DRB1*15:01	DRB1*13:01	E*01:01	E*01:03	F*01:01	F*01:01	K*01:01	K*01:02		
SRR5252859_96	A*01:01	A*03:01	B*08:01	B*35:01	C*07:01	C*04:01																	E*01:03	E*01:06	F*01:01	F*01:03				
SRR5252859_106	A*01:01	A*03:01	B*08:01	B*35:01	C*04:01	C*07:01																	E*01:03	E*01:06	F*01:01	F*01:03				
SRR13280666_106	A*03:401	A*02:01	B*44:02	B*35:01	C*04:01	C*05:01	DMA*01:01	DMA*01:01	DMB*01:03	DMB*01:03	DPA1*01:03	DPA1*01:03	DPB1*03:01	DPB1*04:01	DQA1*03:03	DQA1*01:01	DQB1*03:01	DQB1*05:01	DRA*01:01	DRA*01:01	DRB1*04:01	DRB1*01:01	E*01:01	E*01:06	F*01:01	F*01:03				
SRR13280655_106	A*02:844	A*03:350	B*15:01	B*40:01	C*03:04	C*03:04	DMA*01:01	DMA*01:01	DMB*01:07	DMB*01:01	DPA1*01:03	DPA1*01:03	DPB1*03:01	DPB1*04:01	DQA1*03:01	DQA1*05:01	DQB1*03:02	DQB1*02:01	DRA*01:01	DRA*01:02	DRB1*04:01	DRB1*03:01	E*01:03	E*01:03	F*01:01	F*01:03	K*01:01	K*01:02		
SRR13280683_86	A*02:01	A*02:01	B*57:01	B*15:01	C*03:564	C*06:02	DMA*01:01	DMA*01:01	DMB*01:03	DMB*01:01	DPA1*01:03	DPA1*01:03	DPB1*03:01	DPB1*04:02	DQA1*03:01	DQA1*03:03	DQB1*03:01	DQB1*03:02	DRA*01:01	DRA*01:01	DRB1*04:01	DRB1*04:01	E*01:01	E*01:03	F*01:01	F*01:01				
SRR13280666_86	A*02:844	A*03:01	B*44:02	B*35:01	C*04:01	C*05:01	DMA*01:01	DMA*01:01	DMB*01:03	DMB*01:03	DPA1*01:03	DPA1*01:03	DPB1*03:01	DPB1*04:01	DQA1*03:03	DQA1*01:01	DQB1*03:01	DQB1*05:01	DRA*01:01	DRA*01:01	DRB1*04:01	DRB1*01:01	E*01:01	E*01:06	F*01:01	F*01:03				
SRR13280683_106	A*02:01	A*02:01	B*57:01	B*15:01	C*03:04	C*06:02	DMA*01:01	DMA*01:01	DMB*01:03	DMB*01:01	DPA1*01:03	DPA1*01:03	DPB1*04:02	DPB1*03:01	DQA1*03:01	DQA1*03:03	DQB1*03:02	DQB1*03:01	DRA*01:01	DRA*01:01	DRB1*04:01	DRB1*04:01	E*01:03	E*01:01	F*01:01	F*01:01				
SRR5252837_81	A*02:01	A*11:272Q	B*18:01	B*27:05	C*07:01	C*01:02	DMA*01:02	DMA*01:02			DPA1*01:03	DPA1*01:03	DPB1*02:01	DPB1*04:01					DRA*01:01	DRA*01:02	DRB1*01:01	DRB1*13:01	E*01:01	E*01:03	F*01:01	F*01:01	K*01:02	K*01:02		
SRR13280666_121	A*03:01	A*02:01	B*44:02	B*35:01	C*04:01	C*05:01	DMA*01:01	DMA*01:01	DMB*01:03	DMB*01:03	DPA1*01:03	DPA1*01:03	DPB1*03:01	DPB1*04:01	DQA1*03:03	DQA1*01:01	DQB1*05:01	DQB1*03:01	DRA*01:01	DRA*01:01	DRB1*04:01	DRB1*01:01	E*01:01	E*01:06	F*01:01	F*01:03				
SRR13280655_121	A*02:01	A*03:350	B*15:01	B*40:01	C*03:04	C*03:04	DMA*01:01	DMA*01:01	DMB*01:07	DMB*01:01	DPA1*01:03	DPA1*01:03	DPB1*03:01	DPB1*04:01	DQA1*03:01	DQA1*05:01	DQB1*03:02	DQB1*02:01	DRA*01:01	DRA*01:02	DRB1*04:01	DRB1*03:01	E*01:03	E*01:03	F*01:01	F*01:03	K*01:01	K*01:02		
SRR5252845_66	A*02:864	A*26:01	B*51:01	B*40:01	C*03:04	C*14:02	DMA*01:01	DMA*01:01			DPA1*01:03	DPA1*01:03	DPB1*04:01	DPB1*04:01	DQA1*01:03	DQA1*01:02	DQB1*06:03	DQB1*06:115	DRA*01:02	DRA*01:02	DRB1*15:01	DRB1*13:01	E*01:01	E*01:03	F*01:01	F*01:01	K*01:01	K*01:02		
SRR5252859_121	A*01:281Q	A*03:01	B*08:01	B*35:01	C*07:01	C*04:01																	E*01:03	E*01:06	F*01:01	F*01:03				
SRR5252860_91	A*01:01	A*03:349	B*07:423	B*08:01	C*07:02	C*07:970N					DPA1*01:03	DPA1*01:03							DRA*01:02	DRA*01:02			E*01:01	E*01:03	F*01:03	F*01:01				
SRR13280675_41	A*02:844	A*03:01	B*07:68	B*15:01	C*03:03	C*07:905	DMA*01:01	DMA*01:01	DMB*01:01	DMB*01:01	DPA1*01:03	DPA1*01:03	DPB1*04:01	DPB1*04:01	DQA1*03:01	DQA1*01:07Q	DQB1*05:03	DQB1*03:02	DRA*01:01	DRA*01:01	DRB1*14:54	DRB1*04:01	E*01:03	E*01:03	F*01:01	F*01:03				
SRR5252860_126	A*01:01	A*03:374N	B*07:423	B*08:01	C*07:02	C*07:01					DPA1*01:03	DPA1*01:03							DRA*01:02	DRA*01:02			E*01:01	E*01:03	F*01:03	F*01:01				
SRR13280655_81	A*02:844	A*03:340	B*40:01	B*15:01	C*03:04	C*03:04	DMA*01:01	DMA*01:01	DMB*01:07	DMB*01:01	DPA1*01:03	DPA1*01:03	DPB1*03:01	DPB1*04:01	DQA1*03:01	DQA1*05:01	DQB1*03:02	DQB1*02:01	DRA*01:01	DRA*01:02	DRB1*04:01	DRB1*03:01	E*01:03	E*01:03	F*01:01	F*01:03	K*01:01	K*01:02		
SRR13280655_41	A*02:844	A*03:362	B*15:01	B*40:01	C*03:04	C*03:04	DMA*01:01	DMA*01:01	DMB*01:07	DMB*01:01	DPA1*01:03	DPA1*01:03	DPB1*04:01	DPB1*03:01	DQA1*03:01	DQA1*05:01	DQB1*03:02	DQB1*02:01	DRA*01:01	DRA*01:02	DRB1*04:01	DRB1*03:01	E*01:03	E*01:03	F*01:03	F*01:01	K*01:01	K*01:02		
SRR5252837_126	A*02:01	A*11:01	B*27:05	B*18:01	C*07:01	C*01:02	DMA*01:02	DMA*01:02			DPA1*01:03	DPA1*01:03	DPB1*02:01	DPB1*04:01					DRA*01:01	DRA*01:02	DRB1*01:01	DRB1*13:01	E*01:01	E*01:03	F*01:01	F*01:01	K*01:02	K*01:02		
SRR13280675_81	A*02:844	A*03:01	B*07:237	B*15:01	C*03:03	C*07:710	DMA*01:01	DMA*01:01	DMB*01:01	DMB*01:01	DPA1*01:03	DPA1*01:03	DPB1*04:01	DPB1*04:01	DQA1*01:07Q	DQA1*03:01	DQB1*05:03	DQB1*03:02	DRA*01:01	DRA*01:01	DRB1*14:54	DRB1*04:01	E*01:03	E*01:03	F*01:01	F*01:03	K*01:01	K*01:02		
SRR5252860_51	A*01:01	A*03:374N	B*08:147	B*08:79	C*07:900	C*07:970N					DPA1*01:03	DPA1*01:80							DRA*01:02	DRA*01:02			E*01:01	E*01:03	F*01:03	F*01:01				
SRR5252837_41	A*11:01	A*02:01	B*18:01	B*27:05	C*07:970N	C*01:02	DMA*01:02	DMA*01:02			DPA1*01:03	DPA1*01:03	DPB1*02:01	DPB1*23:01					DRA*01:01	DRA*01:02			E*01:01	E*01:03	F*01:01	F*01:01	K*01:02	K*01:02		
SRR5252859_71	A*01:01	A*03:01	B*08:01	B*35:01	C*07:01	C*04:01																	E*01:03	E*01:06	F*01:03	F*01:01				
SRR13280666_46	A*02:844	A*03:01	B*35:01	B*44:269	C*04:01	C*05:187	DMA*01:01	DMA*01:01	DMB*01:03	DMB*01:03	DPA1*01:03	DPA1*01:03	DPB1*03:01	DPB1*04:01	DQA1*03:03	DQA1*01:01	DQB1*03:01	DQB1*05:01	DRA*01:01	DRA*01:01	DRB1*04:01	DRB1*01:01	E*01:01	E*01:06	F*01:01	F*01:03				
SRR13280683_61	A*02:844	A*02:919	B*57:01	B*15:01	C*06:02	C*03:04	DMA*01:01	DMA*01:01	DMB*01:03	DMB*01:01	DPA1*01:03	DPA1*01:03	DPB1*03:01	DPB1*04:02	DQA1*03:01	DQA1*03:03	DQB1*03:01	DQB1*03:02	DRA*01:01	DRA*01:01	DRB1*04:01	DRB1*04:01	E*01:01	E*01:03	F*01:01	F*01:01				
SRR13280675_101	A*02:844	A*03:01	B*07:02	B*15:01	C*03:03	C*07:46	DMA*01:01	DMA*01:01	DMB*01:01	DMB*01:01	DPA1*01:03	DPA1*01:03	DPB1*04:01	DPB1*04:01	DQA1*01:07Q	DQA1*03:01	DQB1*05:03	DQB1*03:02	DRA*01:01	DRA*01:01	DRB1*14:54	DRB1*04:01	E*01:03	E*01:03	F*01:01	F*01:03	K*01:01	K*01:02		
SRR5252845_111	A*02:01	A*26:01	B*40:01	B*51:01	C*03:04	C*14:02	DMA*01:01	DMA*01:01			DPA1*01:03	DPA1*01:03	DPB1*04:01	DPB1*04:01	DQA1*01:03	DQA1*01:02	DQB1*06:03	DQB1*06:02	DRA*01:02	DRA*01:02	DRB1*15:01	DRB1*13:01	E*01:01	E*01:03	F*01:01	F*01:01	K*01:01	K*01:02		
SRR5252837_36	A*11:01	A*02:01	B*18:01	B*27:05	C*07:301	C*01:02	DMA*01:02	DMA*01:02			DPA1*01:03	DPA1*01:87Q	DPB1*02:01	DPB1*23:01					DRA*01:01	DRA*01:02			E*01:01	E*01:03	F*01:01	F*01:01	K*01:02	K*01:02		
SRR5252860_46	A*01:01	A*03:374N	B*07:386N	B*08:79	C*07:636	C*07:970N					DPA1*01:03	DPA1*01:80							DRA*01:02	DRA*01:02			E*01:01	E*01:03	F*01:03	F*01:01				
SRR13280675_96	A*02:844	A*03:01	B*07:443	B*15:01	C*03:03	C*07:865	DMA*01:01	DMA*01:01	DMB*01:01	DMB*01:01	DPA1*01:03	DPA1*01:03	DPB1*04:01	DPB1*04:01	DQA1*01:07Q	DQA1*03:01	DQB1*05:03	DQB1*03:02	DRA*01:01	DRA*01:01	DRB1*14:54	DRB1*04:01	E*01:03	E*01:03	F*01:01	F*01:03	K*01:01	K*01:02		
SRR13280655_56	A*02:844	A*03:01	B*40:01	B*15:01	C*03:04	C*03:04	DMA*01:01	DMA*01:01	DMB*01:07	DMB*01:01	DPA1*01:03	DPA1*01:03	DPB1*03:01	DPB1*04:01	DQA1*05:01	DQA1*03:01	DQB1*02:01	DQB1*03:02	DRA*01:01	DRA*01:02	DRB1*04:01	DRB1*03:01	E*01:03	E*01:03	F*01:01	F*01:03	K*01:01	K*01:02		
SRR13280675_116	A*02:01	A*03:01	B*15:01	B*07:02	C*07:744	C*03:03	DMA*01:01	DMA*01:01	DMB*01:01	DMB*01:01	DPA1*01:03	DPA1*01:03	DPB1*04:01	DPB1*04:01	DQA1*01:07Q	DQA1*03:01	DQB1*03:02	DQB1*05:03	DRA*01:01	DRA*01:01	DRB1*14:54	DRB1*04:01	E*01:03	E*01:03	F*01:01	F*01:03	K*01:01	K*01:02		
SRR13280683_76	A*02:01	A*02:150	B*57:01	B*15:01	C*03:564	C*06:02	DMA*01:01	DMA*01:01	DMB*01:03	DMB*01:01	DPA1*01:03	DPA1*01:03	DPB1*03:01	DPB1*04:02	DQA1*03:01	DQA1*03:03	DQB1*03:01	DQB1*03:02	DRA*01:01	DRA*01:01	DRB1*04:01	DRB1*04:01	E*01:01	E*01:03	F*01:01	F*01:01				
SRR5252845_106	A*02:01	A*26:01	B*51:01	B*40:01	C*03:04	C*14:02	DMA*01:01	DMA*01:01			DPA1*01:03	DPA1*01:03	DPB1*04:01	DPB1*04:01	DQA1*01:03	DQA1*01:02	DQB1*06:03	DQB1*06:02	DRA*01:02	DRA*01:02	DRB1*15:01	DRB1*13:01	E*01:01	E*01:03	F*01:01	F*01:01	K*01:01	K*01:02		
SRR13280655_36	A*02:844	A*03:01	B*15:01	B*40:421Q	C*03:04	C*03:04	DMA*01:01	DMA*01:01	DMB*01:07	DMB*01:01	DPA1*01:03	DPA1*01:03	DPB1*04:01	DPB1*03:01	DQA1*05:01	DQA1*03:01	DQB1*03:02	DQB1*02:01	DRA*01:01	DRA*01:02	DRB1*04:01	DRB1*03:01	E*01:03	E*01:03	F*01:03	F*01:01				
SRR13280666_51	A*02:844	A*03:01	B*35:01	B*44:269	C*04:01	C*05:187	DMA*01:01	DMA*01:01	DMB*01:03	DMB*01:03	DPA1*01:03	DPA1*01:03	DPB1*03:01	DPB1*04:01	DQA1*03:03	DQA1*01:01	DQB1*03:01	DQB1*05:01	DRA*01:01	DRA*01:01	DRB1*04:01	DRB1*01:01	E*01:06	E*01:06	F*01:01	F*01:03				
SRR5252837_56	A*11:272Q	A*02:01	B*18:01	B*27:05	C*07:01	C*01:02	DMA*01:02	DMA*01:02			DPA1*01:03	DPA1*01:03	DPB1*02:01	DPB1*23:01					DRA*01:01	DRA*01:02	DRB1*01:01	DRB1*13:01	E*01:01	E*01:03	F*01:01	F*01:01	K*01:02	K*01:02		
SRR5252859_66	A*01:01	A*03:01	B*08:01	B*35:01	C*07:01	C*04:01																	E*01:03	E*01:06	F*01:03	F*01:01				
SRR13280675_36	A*02:844	A*03:01	B*07:68	B*15:01	C*03:03	C*07:02	DMA*01:01	DMA*01:01	DMB*01:01	DMB*01:01	DPA1*01:03	DPA1*01:03	DPB1*04:01	DPB1*04:01	DQA1*03:01	DQA1*01:07Q	DQB1*05:03	DQB1*03:02	DRA*01:01	DRA*01:01	DRB1*14:54	DRB1*04:01	E*01:03	E*01:03	F*01:03	F*01:01				
SRR5252837_96	A*02:01	A*11:272Q	B*18:01	B*27:05	C*07:01	C*01:02	DMA*01:02	DMA*01:02			DPA1*01:03	DPA1*01:03	DPB1*02:01	DPB1*04:01					DRA*01:01	DRA*01:02	DRB1*01:01	DRB1*13:01	E*01:01	E*01:03	F*01:01	F*01:01	K*01:02	K*01:02		
SRR5252845_71	A*02:864	A*26:01	B*40:01	B*51:01	C*03:04	C*14:02	DMA*01:01	DMA*01:01			DPA1*01:03	DPA1*01:03	DPB1*04:01	DPB1*04:01	DQA1*01:03	DQA1*01:02	DQB1*06:115	DQB1*06:03	DRA*01:02	DRA*01:02	DRB1*15:01	DRB1*13:01	E*01:01	E*01:03	F*01:01	F*01:01	K*01:01	K*01:02		
SRR13280683_111	A*02:01	A*02:01	B*57:01	B*15:01	C*03:04	C*06:02	DMA*01:01	DMA*01:01	DMB*01:03	DMB*01:01	DPA1*01:03	DPA1*01:03	DPB1*04:02	DPB1*03:01	DQA1*03:01	DQA1*03:03	DQB1*03:02	DQB1*03:01	DRA*01:01	DRA*01:01	DRB1*04:01	DRB1*04:01	E*01:03	E*01:01	F*01:01	F*01:01				
SRR13280666_91	A*03:01	A*02:01	B*44:02	B*35:01	C*04:01	C*05:01	DMA*01:01	DMA*01:01	DMB*01:03	DMB*01:03	DPA1*01:03	DPA1*01:03	DPB1*03:01	DPB1*04:01	DQA1*03:03	DQA1*01:01	DQB1*03:01	DQB1*05:01	DRA*01:01	DRA*01:01	DRB1*04:01	DRB1*01:01	E*01:01	E*01:06	F*01:01	F*01:03				
SRR13280655_96	A*02:844	A*03:01	B*40:01	B*15:01	C*03:04	C*03:04	DMA*01:01	DMA*01:01	DMB*01:07	DMB*01:01	DPA1*01:03	DPA1*01:03	DPB1*03:01	DPB1*04:01	DQA1*03:01	DQA1*05:01	DQB1*03:02	DQB1*02:01	DRA*01:01	DRA*01:02	DRB1*04:01	DRB1*03:01	E*01:03	E*01:03	F*01:01	F*01:03	K*01:01	K*01:02		
SRR13280675_56	A*02:844	A*03:01	B*07:237	B*15:01	C*03:03	C*07:865	DMA*01:01	DMA*01:01	DMB*01:01	DMB*01:01	DPA1*01:03	DPA1*01:03	DPB1*04:01	DPB1*04:01	DQA1*03:01	DQA1*01:07Q	DQB1*03:02	DQB1*05:03	DRA*01:01	DRA*01:01	DRB1*14:54	DRB1*04:01	E*01:03	E*01:03	F*01:01	F*01:03	K*01:01	K*01:02		
SRR5252860_86	A*01:01	A*03:349	B*07:423	B*08:01	C*07:02	C*07:970N					DPA1*01:03	DPA1*01:03							DRA*01:02	DRA*01:02			E*01:01	E*01:03	F*01:03	F*01:01				
SRR13280683_116	A*02:01	A*02:01	B*15:01	B*57:01	C*03:04	C*06:02	DMA*01:01	DMA*01:01	DMB*01:03	DMB*01:01	DPA1*01:03	DPA1*01:03	DPB1*04:02	DPB1*03:01	DQA1*03:01	DQA1*03:03	DQB1*03:02	DQB1*03:01	DRA*01:01	DRA*01:01	DRB1*04:01	DRB1*04:01	E*01:03	E*01:01	F*01:01	F*01:01				
SRR13280666_96	A*03:393	A*02:01	B*44:02	B*35:01	C*04:01	C*05:01	DMA*01:01	DMA*01:01	DMB*01:03	DMB*01:03	DPA1*01:03	DPA1*01:03	DPB1*03:01	DPB1*04:01	DQA1*03:03	DQA1*01:01	DQB1*03:01	DQB1*05:01	DRA*01:01	DRA*01:01	DRB1*04:01	DRB1*01:01	E*01:01	E*01:06	F*01:01	F*01:03				
SRR5252845_76	A*02:150	A*26:01	B*40:01	B*51:01	C*03:04	C*14:02	DMA*01:01	DMA*01:01			DPA1*01:03	DPA1*01:03	DPB1*04:01	DPB1*04:01	DQA1*01:03	DQA1*01:02	DQB1*06:115	DQB1*06:03	DRA*01:02	DRA*01:02	DRB1*15:01	DRB1*13:01	E*01:01	E*01:03	F*01:01	F*01:01	K*01:01	K*01:02		
SRR5252837_91	A*02:01	A*11:272Q	B*18:01	B*27:05	C*07:01	C*01:02	DMA*01:02	DMA*01:02			DPA1*01:03	DPA1*01:03	DPB1*02:01	DPB1*04:01					DRA*01:01	DRA*01:02	DRB1*01:01	DRB1*13:01	E*01:01	E*01:03	F*01:01	F*01:01	K*01:02	K*01:02		
SRR13280675_51	A*02:844	A*03:01	B*07:68	B*15:01	C*03:03	C*07:525	DMA*01:01	DMA*01:01	DMB*01:01	DMB*01:01	DPA1*01:03	DPA1*01:03	DPB1*04:01	DPB1*04:01	DQA1*03:01	DQA1*01:07Q	DQB1*05:03	DQB1*03:02	DRA*01:01	DRA*01:01	DRB1*14:54	DRB1*04:01	E*01:03	E*01:03	F*01:01	F*01:03	K*01:01	K*01:02		
SRR5252860_81	A*01:01	A*03:349	B*07:423	B*08:01	C*07:02	C*07:970N					DPA1*01:03	DPA1*01:03							DRA*01:02	DRA*01:02			E*01:01	E*01:03	F*01:03	F*01:01				
SRR13280655_91	A*02:844	A*03:01	B*40:01	B*15:01	C*03:04	C*03:04	DMA*01:01	DMA*01:01	DMB*01:07	DMB*01:01	DPA1*01:03	DPA1*01:03	DPB1*03:01	DPB1*04:01	DQA1*03:01	DQA1*05:01	DQB1*03:02	DQB1*02:01	DRA*01:01	DRA*01:02	DRB1*04:01	DRB1*03:01	E*01:03	E*01:03	F*01:01	F*01:03	K*01:01	K*01:02		
SRR13280666_36	A*03:01	A*02:01	B*35:01	B*44:225	C*04:01	C*05:187	DMA*01:01	DMA*01:01	DMB*01:03	DMB*01:03	DPA1*01:03	DPA1*01:03	DPB1*03:01	DPB1*04:01	DQA1*03:03	DQA1*01:01	DQB1*05:01	DQB1*03:01	DRA*01:01	DRA*01:01	DRB1*04:01	DRB1*01:01	E*01:06	E*01:06	F*01:03	F*01:01				
SRR13280655_51	A*02:844	A*03:01	B*40:01	B*15:01	C*03:04	C*03:04	DMA*01:01	DMA*01:01	DMB*01:07	DMB*01:01	DPA1*01:03	DPA1*01:03	DPB1*03:01	DPB1*04:01	DQA1*05:01	DQA1*03:01	DQB1*02:01	DQB1*03:02	DRA*01:01	DRA*01:02	DRB1*04:01	DRB1*03:01	E*01:03	E*01:03	F*01:01	F*01:03	K*01:01	K*01:02		
SRR5252860_41	A*01:01	A*03:01	B*07:386N	B*08:79	C*07:636	C*07:970N					DPA1*01:03	DPA1*01:80							DRA*01:02	DRA*01:02			E*01:01	E*01:03	F*01:03	F*01:01				
SRR13280675_91	A*02:844	A*03:01	B*07:237	B*15:01	C*03:03	C*07:865	DMA*01:01	DMA*01:01	DMB*01:01	DMB*01:01	DPA1*01:03	DPA1*01:03	DPB1*04:01	DPB1*04:01	DQA1*01:07Q	DQA1*03:01	DQB1*05:03	DQB1*03:02	DRA*01:01	DRA*01:01	DRB1*14:54	DRB1*04:01	E*01:03	E*01:03	F*01:01	F*01:03	K*01:01	K*01:02		
SRR5252845_101	A*02:01	A*26:01	B*40:01	B*51:01	C*03:04	C*14:02	DMA*01:01	DMA*01:01			DPA1*01:03	DPA1*01:03	DPB1*04:01	DPB1*04:01	DQA1*01:03	DQA1*01:02	DQB1*06:02	DQB1*06:03	DRA*01:02	DRA*01:02	DRB1*15:01	DRB1*13:01	E*01:01	E*01:03	F*01:01	F*01:01	K*01:01	K*01:02		
SRR13280683_71	A*02:01	A*02:919	B*15:01	B*57:01	C*06:02	C*03:04	DMA*01:01	DMA*01:01	DMB*01:03	DMB*01:01	DPA1*01:03	DPA1*01:03	DPB1*03:01	DPB1*04:02	DQA1*03:01	DQA1*03:03	DQB1*03:01	DQB1*03:02	DRA*01:01	DRA*01:01	DRB1*04:01	DRB1*04:01	E*01:01	E*01:03	F*01:01	F*01:01				
SRR13280675_111	A*02:01	A*03:01	B*07:02	B*15:01	C*07:744	C*03:03	DMA*01:01	DMA*01:01	DMB*01:01	DMB*01:01	DPA1*01:03	DPA1*01:03	DPB1*04:01	DPB1*04:01	DQA1*01:07Q	DQA1*03:01	DQB1*03:02	DQB1*05:03	DRA*01:01	DRA*01:01	DRB1*14:54	DRB1*04:01	E*01:03	E*01:03	F*01:01	F*01:03	K*01:01	K*01:02		
SRR5252859_61	A*01:01	A*03:401	B*08:01	B*35:01	C*07:01	C*04:01																	E*01:03	E*01:06	F*01:03	F*01:01				
SRR5252837_51	A*11:01	A*02:01	B*27:05	B*18:01	C*01:02	C*07:01	DMA*01:02	DMA*01:02			DPA1*01:03	DPA1*01:03	DPB1*02:01	DPB1*23:01					DRA*01:01	DRA*01:02	DRB1*01:01	DRB1*13:01	E*01:01	E*01:03	F*01:01	F*01:01	K*01:02	K*01:02		
SRR13280666_56	A*02:844	A*03:01	B*44:269	B*35:01	C*04:01	C*05:187	DMA*01:01	DMA*01:01	DMB*01:03	DMB*01:03	DPA1*01:03	DPA1*01:03	DPB1*03:01	DPB1*04:01	DQA1*03:03	DQA1*01:01	DQB1*03:01	DQB1*05:01	DRA*01:01	DRA*01:01	DRB1*04:01	DRB1*01:01	E*01:01	E*01:06	F*01:01	F*01:03				
SRR13280675_86	A*02:844	A*03:01	B*07:237	B*15:01	C*03:03	C*07:865	DMA*01:01	DMA*01:01	DMB*01:01	DMB*01:01	DPA1*01:03	DPA1*01:03	DPB1*04:01	DPB1*04:01	DQA1*01:07Q	DQA1*03:01	DQB1*05:03	DQB1*03:02	DRA*01:01	DRA*01:01	DRB1*14:54	DRB1*04:01	E*01:03	E*01:03	F*01:01	F*01:03	K*01:01	K*01:02		
SRR5252860_56	A*01:01	A*03:01	B*08:147	B*08:79	C*07:900	C*07:970N					DPA1*01:03	DPA1*01:80							DRA*01:02	DRA*01:02			E*01:01	E*01:03	F*01:03	F*01:01				
SRR5252837_121	A*02:01	A*11:01	B*27:05	B*18:01	C*07:01	C*01:02	DMA*01:02	DMA*01:02			DPA1*01:03	DPA1*01:03	DPB1*02:01	DPB1*04:01					DRA*01:01	DRA*01:02	DRB1*01:01	DRB1*13:01	E*01:01	E*01:03	F*01:01	F*01:01	K*01:02	K*01:02		
SRR13280655_46	A*02:844	A*03:01	B*15:01	B*40:01	C*03:04	C*03:04	DMA*01:01	DMA*01:01	DMB*01:07	DMB*01:01	DPA1*01:03	DPA1*01:03	DPB1*03:01	DPB1*04:01	DQA1*03:01	DQA1*05:01	DQB1*03:02	DQB1*02:01	DRA*01:01	DRA*01:02	DRB1*04:01	DRB1*03:01	E*01:03	E*01:03	F*01:01	F*01:03	K*01:01	K*01:02		
SRR13280666_41	A*03:01	A*02:01	B*35:01	B*44:06	C*05:187	C*04:01	DMA*01:01	DMA*01:01	DMB*01:03	DMB*01:03	DPA1*01:03	DPA1*01:03	DPB1*04:01	DPB1*03:01	DQA1*03:03	DQA1*01:01	DQB1*05:01	DQB1*03:01	DRA*01:01	DRA*01:01	DRB1*04:01	DRB1*01:01	E*01:06	E*01:06	F*01:01	F*01:03				
SRR5252859_76	A*01:01	A*03:401	B*08:01	B*35:01	C*04:01	C*07:01																	E*01:03	E*01:06	F*01:03	F*01:01				
SRR5252837_46	A*11:01	A*02:01	B*18:01	B*27:05	C*07:01	C*01:02	DMA*01:02	DMA*01:02			DPA1*01:03	DPA1*01:03	DPB1*02:01	DPB1*23:01					DRA*01:01	DRA*01:02	DRB1*01:01	DRB1*13:01	E*01:01	E*01:03	F*01:01	F*01:01	K*01:02	K*01:02		
SRR5252860_36	A*01:01	A*03:374N	B*07:386N	B*07:386N	C*07:118	C*07:118					DPA1*01:03	DPA1*01:80							DRA*01:02	DRA*01:02			E*01:01	E*01:03	F*01:03	F*01:01				
SRR5252845_116	A*02:01	A*26:01	B*51:01	B*40:01	C*03:04	C*14:02	DMA*01:01	DMA*01:01			DPA1*01:03	DPA1*01:03	DPB1*04:01	DPB1*04:01	DQA1*01:03	DQA1*01:02			DRA*01:02	DRA*01:02	DRB1*15:01	DRB1*13:01	E*01:01	E*01:03	F*01:01	F*01:01	K*01:01	K*01:02		
SRR13280675_106	A*02:01	A*03:01	B*15:01	B*07:02	C*03:03	C*07:744	DMA*01:01	DMA*01:01	DMB*01:01	DMB*01:01	DPA1*01:03	DPA1*01:03	DPB1*04:01	DPB1*04:01	DQA1*01:07Q	DQA1*03:01	DQB1*05:03	DQB1*03:02	DRA*01:01	DRA*01:01	DRB1*14:54	DRB1*04:01	E*01:03	E*01:03	F*01:01	F*01:03	K*01:01	K*01:02		
SRR13280683_66	A*02:01	A*02:919	B*15:01	B*57:01	C*03:393	C*06:02	DMA*01:01	DMA*01:01	DMB*01:03	DMB*01:01	DPA1*01:03	DPA1*01:03	DPB1*03:01	DPB1*04:02	DQA1*03:01	DQA1*03:03	DQB1*03:01	DQB1*03:02	DRA*01:01	DRA*01:01	DRB1*04:01	DRB1*04:01	E*01:01	E*01:03	F*01:01	F*01:01				
SRR5252859_126	A*01:281Q	A*03:01	B*08:01	B*35:01	C*07:01	C*04:01																	E*01:03	E*01:06	F*01:01	F*01:03				
SRR5252845_61	A*02:150	A*26:01	B*51:01	B*40:01	C*03:04	C*14:02	DMA*01:01	DMA*01:01			DPA1*01:03	DPA1*01:03	DPB1*04:01	DPB1*04:01	DQA1*01:03	DQA1*01:02	DQB1*06:03	DQB1*06:115	DRA*01:02	DRA*01:02	DRB1*15:01	DRB1*13:01	E*01:01	E*01:03	F*01:01	F*01:01	K*01:01	K*01:02		
SRR13280666_126	A*03:01	A*02:01	B*44:02	B*35:01	C*04:01	C*05:01	DMA*01:01	DMA*01:01	DMB*01:03	DMB*01:03	DPA1*01:03	DPA1*01:03	DPB1*03:01	DPB1*04:01	DQA1*03:03	DQA1*01:01	DQB1*03:01	DQB1*05:01	DRA*01:01	DRA*01:01	DRB1*04:01	DRB1*01:01	E*01:01	E*01:06	F*01:01	F*01:03				
SRR13280655_126	A*02:01	A*03:01	B*40:01	B*15:01	C*03:04	C*03:04	DMA*01:01	DMA*01:01	DMB*01:07	DMB*01:01	DPA1*01:03	DPA1*01:03	DPB1*04:01	DPB1*03:01	DQA1*03:01	DQA1*05:01	DQB1*03:02	DQB1*02:01	DRA*01:01	DRA*01:02	DRB1*04:01	DRB1*03:01	E*01:03	E*01:03	F*01:01	F*01:03	K*01:01	K*01:02		
SRR5252837_86	A*02:01	A*11:272Q	B*18:01	B*27:05	C*07:01	C*01:02	DMA*01:02	DMA*01:02			DPA1*01:03	DPA1*01:03	DPB1*02:01	DPB1*04:01					DRA*01:01	DRA*01:02	DRB1*01:01	DRB1*13:01	E*01:01	E*01:03	F*01:01	F*01:01	K*01:02	K*01:02		
SRR13280666_81	A*02:844	A*03:01	B*44:02	B*35:01	C*04:01	C*05:01	DMA*01:01	DMA*01:01	DMB*01:03	DMB*01:03	DPA1*01:03	DPA1*01:03	DPB1*03:01	DPB1*04:01	DQA1*03:03	DQA1*01:01	DQB1*03:01	DQB1*05:01	DRA*01:01	DRA*01:01	DRB1*04:01	DRB1*01:01	E*01:01	E*01:06	F*01:01	F*01:03				
SRR13280683_101	A*02:01	A*02:01	B*57:01	B*15:01	C*03:04	C*06:02	DMA*01:01	DMA*01:01	DMB*01:03	DMB*01:01	DPA1*01:03	DPA1*01:03	DPB1*04:02	DPB1*03:01	DQA1*03:01	DQA1*03:03	DQB1*03:01	DQB1*03:02	DRA*01:01	DRA*01:01	DRB1*04:01	DRB1*04:01	E*01:03	E*01:01	F*01:01	F*01:01				
SRR13280655_86	A*02:844	A*03:01	B*40:01	B*15:01	C*03:04	C*03:04	DMA*01:01	DMA*01:01	DMB*01:07	DMB*01:01	DPA1*01:03	DPA1*01:03	DPB1*03:01	DPB1*04:01	DQA1*03:01	DQA1*05:01	DQB1*03:02	DQB1*02:01	DRA*01:01	DRA*01:02	DRB1*04:01	DRB1*03:01	E*01:03	E*01:03	F*01:01	F*01:03	K*01:01	K*01:02		
SRR5252860_121	A*01:01	A*03:349	B*07:423	B*08:01	C*07:02	C*07:970N					DPA1*01:03	DPA1*01:03							DRA*01:02	DRA*01:02			E*01:01	E*01:03	F*01:03	F*01:01				
SRR5252860_96	A*01:01	A*03:349	B*07:423	B*08:01	C*07:02	C*07:970N					DPA1*01:03	DPA1*01:03							DRA*01:02	DRA*01:02			E*01:01	E*01:03	F*01:03	F*01:01				
SRR13280675_46	A*02:844	A*03:01	B*15:01	B*07:68	C*03:03	C*07:02	DMA*01:01	DMA*01:01	DMB*01:01	DMB*01:01	DPA1*01:03	DPA1*01:03	DPB1*04:01	DPB1*04:01	DQA1*03:01	DQA1*01:07Q	DQB1*05:03	DQB1*03:02	DRA*01:01	DRA*01:01	DRB1*14:54	DRB1*04:01	E*01:03	E*01:03	F*01:01	F*01:03	K*01:01	K*01:02	J*01:01	J*01:01
