SRR13280655_101,A*02:01:01,A*03:01:01,B*40:01:02,B*15:01:01,C*03:04:01,DRB1*03:01:01,DRB1*04:01:01,DQA1*05:01:01,DQA1*03:01:01,DQB1*03:02:01,DQB1*02:01:01,DPA1*01:03:01,DPB1*03:01:01,DPB1*04:01:01,DMA*01:01:01,DMA*01:03,DMB*01:07,DMB*01:01:01,DOA*01:01:01,DOB*01:02:01,DOB*01:01:03,DRA*01:01:01,DRA*01:02:02,DRB3*01:14,DRB3*01:15,DRB4*01:03:01,DRB8*01:01,E*01:03:02,F*01:03:01,F*01:01:01,H*02:04,H*01:01:01,K*01:02,K*01:01:01,L*01:01:01,
SRR13280655_106,A*02:01:01,A*03:01:01,B*40:01:02,B*15:01:01,C*03:04:01,DRB1*03:01:01,DRB1*04:01:01,DQA1*05:01:01,DQA1*03:01:01,DQB1*03:02:01,DQB1*02:01:01,DPA1*01:03:01,DPB1*03:01:01,DPB1*04:01:01,DMA*01:01:01,DMA*01:03,DMB*01:07,DMB*01:01:01,DOA*01:01:01,DOB*01:02:01,DOB*01:01:03,DRA*01:02:02,DRA*01:01:01,DRB3*01:14,DRB3*01:15,DRB4*01:03:01,E*01:03:02,F*01:03:01,F*01:01:01,F*01:03:01,F*01:01:03,H*02:04,H*01:01:01,K*01:02,K*01:01:01,L*01:01:01,
SRR13280655_111,A*02:01:01,A*03:01:01,B*40:01:02,B*15:01:01,C*03:04:01,DRB1*04:01:01,DRB1*03:01:01,DQA1*05:01:01,DQA1*03:01:01,DQB1*03:02:01,DQB1*02:01:01,DPA1*01:03:01,DPB1*03:01:01,DPB1*04:01:01,DMA*01:01:01,DMA*01:03,DMB*01:07,DMB*01:01:01,DOA*01:01:01,DOB*01:02:01,DOB*01:01:03,DRA*01:02:02,DRA*01:01:01,DRB3*01:01:02,DRB3*01:14,DRB4*01:03:01,E*01:03:02,F*01:03:01,F*01:01:01,F*01:03:01,F*01:01:03,H*02:04,H*01:01:01,K*01:02,K*01:01:01,L*01:01:01,
SRR13280655_116,A*02:01:01,A*03:01:01,B*40:01:02,B*15:01:01,C*03:04:01,DRB1*04:01:01,DRB1*03:01:01,DQA1*05:01:01,DQA1*03:01:01,DQB1*03:02:01,DQB1*02:01:01,DPA1*01:03:01,DPB1*03:01:01,DPB1*04:01:01,DMA*01:01:01,DMA*01:03,DMB*01:07,DMB*01:01:01,DOA*01:01:01,DOB*01:02:01,DOB*01:01:03,DRA*01:02:02,DRA*01:01:01,DRB3*01:01:02,DRB4*01:03:01,DRB4*01:03:01,E*01:03:02,F*01:03:01,F*01:01:01,F*01:03:01,F*01:01:03,H*02:04,H*01:01:01,K*01:02,K*01:01:01,L*01:01:01,
SRR13280655_121,A*02:01:01,A*03:01:01,B*40:01:02,B*15:01:01,C*03:04:01,DRB1*04:01:01,DRB1*03:01:01,DQA1*05:01:01,DQA1*03:01:01,DQB1*03:02:01,DQB1*02:01:01,DPA1*01:03:01,DPB1*03:01:01,DPB1*04:01:01,DMA*01:01:01,DMA*01:03,DMB*01:07,DMB*01:01:01,DOA*01:01:01,DOB*01:02:01,DOB*01:01:03,DRA*01:01:01,DRA*01:02:02,DRB3*01:01:02,DRB4*01:03:01,DRB4*01:03:01,E*01:03:02,F*01:03:01,F*01:01:01,H*02:04,H*01:01:01,K*01:02,K*01:01:01,L*01:01:01,V*01:01:01,
SRR13280655_126,A*02:01:01,A*03:01:01,B*40:01:02,B*15:01:01,C*03:04:01,DRB1*04:01:01,DRB1*03:01:01,DQA1*05:01:01,DQA1*03:01:01,DQB1*03:02:01,DQB1*02:01:01,DPA1*01:03:01,DPB1*03:01:01,DPB1*04:01:01,DMA*01:01:01,DMA*01:03,DMB*01:07,DMB*01:01:01,DOA*01:01:01,DOB*01:02:01,DOB*01:01:03,DRA*01:01:01,DRA*01:02:02,DRB3*01:01:02,DRB3*01:14,DRB4*01:03:01,DRB4*01:03:01,E*01:03:02,F*01:03:01,F*01:01:01,H*02:04,H*01:01:01,K*01:02,K*01:01:01,L*01:01:01,V*01:01:01,V*01:01:01,
SRR13280655_36,A*02:01:01,A*03:01:01,B*40:01:03,B*15:39:01,C*03:64:01,C*02:27:02,DRB1*03:01:01,DRB1*04:01:01,DQA1*05:01:01,DQA1*03:01:01,DQB1*03:02:01,DQB1*02:01:01,DPA1*01:03:01,DPB1*03:01:01,DPB1*04:01:01,DMA*01:01:01,DMB*01:07,DMB*01:01:01,DOA*01:01:01,DOB*01:02:01,DOB*01:01:03,DRA*01:02:01,DRA*01:01:02,DRB3*01:15,DRB3*03:03,DRB4*02:01N,DRB5*02:03,DRB5*01:02,DRB8*01:01,E*01:03:02,F*01:03:01,F*01:01:01,G*01:01:04,H*02:04,H*03:01,J*02:01,J*01:01:01,K*01:01:01,K*01:02,L*01:01:02,L*01:02,
SRR13280655_41,A*02:01:01,A*03:01:01,B*40:01:02,B*15:39:01,C*03:64:01,C*02:26:03,DRB1*03:01:01,DRB1*04:01:01,DQA1*05:01:01,DQA1*03:01:01,DQB1*03:02:01,DQB1*02:01:01,DPA1*01:03:01,DPB1*03:01:01,DPB1*04:01:01,DMA*01:01:01,DMB*01:07,DMB*01:01:01,DOA*01:01:01,DOB*01:02:01,DOB*01:01:03,DRA*01:02:01,DRA*01:01:02,DRB3*01:15,DRB3*02:27,DRB4*02:01N,DRB5*02:03,DRB5*01:14,DRB8*01:01,E*01:03:02,F*01:03:01,F*01:01:01,G*01:01:04,H*03:01,H*02:02,J*02:01,K*01:01:01,K*01:02,L*01:01:02,L*01:02,
SRR13280655_46,A*02:01:01,A*03:01:01,B*40:01:02,B*15:39:01,C*03:04:27,C*03:142,DRB1*03:01:01,DRB1*04:01:01,DQA1*03:01:01,DQA1*05:01:01,DQB1*03:02:01,DQB1*02:12,DPA1*01:03:01,DPB1*03:01:01,DPB1*04:01:01,DMA*01:01:01,DMA*01:03,DMB*01:07,DMB*01:01:01,DOA*01:01:01,DOB*01:02:01,DOB*01:01:03,DRA*01:02:01,DRA*01:01:02,DRB3*01:15,DRB4*01:03:01,DRB4*02:01N,DRB5*01:14,DRB5*02:03,DRB8*01:01,E*01:03:02,F*01:03:01,F*01:01:01,H*02:04,H*02:02,K*01:02,K*01:01:01,L*01:01:02,L*01:02,
SRR13280655_51,A*02:01:01,A*03:01:01,B*40:01:02,B*15:01:01,C*03:04:01,C*12:73,DRB1*03:01:01,DRB1*04:01:01,DQA1*03:01:01,DQA1*05:01:01,DQB1*03:02:01,DQB1*02:01:01,DPA1*01:03:01,DPB1*03:01:01,DPB1*04:01:01,DMA*01:01:01,DMA*01:03,DMB*01:07,DMB*01:01:01,DOA*01:01:01,DOB*01:02:01,DOB*01:01:03,DRA*01:02:01,DRA*01:01:02,DRB3*01:08,DRB3*01:15,DRB4*01:03:01,DRB4*01:03:04,DRB5*01:14,DRB5*02:03,DRB8*01:01,E*01:03:02,F*01:03:01,F*01:01:01,H*02:04,H*02:02,K*01:02,K*01:01:01,L*01:01:01,L*01:02,
SRR13280655_56,A*02:01:01,A*03:01:01,B*40:01:02,B*15:01:01,C*03:04:01,C*12:22,DRB1*03:01:01,DRB1*04:01:01,DQA1*05:01:01,DQA1*03:01:01,DQB1*03:02:01,DQB1*02:01:01,DPA1*01:03:01,DPB1*03:01:01,DPB1*04:01:01,DMA*01:01:01,DMA*01:03,DMB*01:07,DMB*01:01:01,DOA*01:01:01,DOB*01:02:01,DOB*01:01:03,DRA*01:02:01,DRA*01:01:02,DRB3*01:08,DRB3*01:15,DRB4*01:03:01,DRB4*01:03:04,DRB5*01:14,DRB5*02:03,DRB8*01:01,E*01:03:02,F*01:03:01,F*01:01:01,H*02:04,H*01:01:01,K*01:02,K*01:01:01,L*01:01:01,L*01:02,
SRR13280655_61,A*02:01:01,A*03:01:01,B*40:01:02,B*15:01:01,C*03:04:01,C*12:69,DRB1*03:01:01,DRB1*04:01:01,DQA1*05:01:01,DQA1*03:01:01,DQB1*03:02:01,DQB1*02:01:01,DPA1*01:03:01,DPB1*03:01:01,DPB1*04:01:01,DMA*01:01:01,DMA*01:03,DMB*01:07,DMB*01:01:01,DOA*01:01:01,DOB*01:02:01,DOB*01:01:03,DRA*01:02:01,DRA*01:01:02,DRB3*01:08,DRB3*01:15,DRB4*01:03:01,DRB4*01:03:04,DRB5*01:14,DRB8*01:01,E*01:03:02,F*01:03:01,F*01:01:01,H*02:04,H*01:01:01,J*01:01:01,K*01:02,K*01:01:01,L*01:01:01,
SRR13280655_66,A*02:01:01,A*03:01:01,B*40:01:02,B*15:01:01,C*03:04:01,C*03:04:27,DRB1*03:01:01,DRB1*04:01:01,DQA1*05:01:01,DQA1*03:01:01,DQB1*03:02:01,DQB1*02:01:01,DPA1*01:03:01,DPB1*03:01:01,DPB1*04:01:01,DMA*01:01:01,DMA*01:03,DMB*01:07,DMB*01:01:01,DOA*01:01:01,DOB*01:02:01,DOB*01:01:03,DRA*01:02:01,DRA*01:01:02,DRB3*01:08,DRB3*01:15,DRB4*01:03:01,DRB4*01:03:04,DRB5*01:14,DRB8*01:01,E*01:03:02,F*01:03:01,F*01:01:01,H*02:04,H*01:01:01,K*01:02,K*01:01:01,L*01:01:01,
SRR13280655_71,A*02:01:01,A*03:01:01,B*40:01:02,B*15:01:01,C*03:04:01,C*12:04:01,DRB1*03:01:01,DRB1*04:01:01,DQA1*05:01:01,DQA1*03:01:01,DQB1*03:02:01,DQB1*02:01:01,DPA1*01:03:01,DPB1*03:01:01,DPB1*04:01:01,DMA*01:01:01,DMA*01:03,DMB*01:07,DMB*01:01:01,DOA*01:01:01,DOB*01:02:01,DOB*01:01:03,DRA*01:02:01,DRA*01:01:02,DRB3*01:08,DRB3*01:15,DRB4*01:03:01,DRB4*01:03:04,DRB5*01:14,DRB8*01:01,E*01:03:02,F*01:03:01,F*01:01:01,H*02:04,H*01:01:01,K*01:01:01,K*01:02,L*01:01:01,
SRR13280655_76,A*02:01:01,A*03:01:01,B*40:01:02,B*15:01:01,C*03:04:01,C*12:04:01,DRB1*03:01:01,DRB1*04:01:01,DQA1*05:01:01,DQA1*03:01:01,DQB1*03:02:01,DQB1*02:01:01,DPA1*01:03:01,DPB1*03:01:01,DPB1*04:01:01,DMA*01:01:01,DMA*01:03,DMB*01:07,DMB*01:01:01,DOA*01:01:01,DOB*01:02:01,DOB*01:01:03,DRA*01:01:01,DRA*01:02:02,DRB3*01:08,DRB3*01:15,DRB4*01:03:01,DRB4*01:03:04,DRB5*01:14,DRB8*01:01,E*01:03:02,F*01:03:01,F*01:01:01,H*02:04,H*01:01:01,K*01:02,K*01:01:01,L*01:01:01,
SRR13280655_81,A*02:01:01,A*03:01:01,B*40:01:02,B*15:01:01,C*03:04:01,DRB1*03:01:01,DRB1*04:01:01,DQA1*05:01:01,DQA1*03:01:01,DQB1*03:02:01,DQB1*02:01:01,DPA1*01:03:01,DPB1*03:01:01,DPB1*04:01:01,DMA*01:01:01,DMA*01:03,DMB*01:07,DMB*01:01:01,DOA*01:01:01,DOB*01:02:01,DOB*01:01:03,DRA*01:01:01,DRA*01:02:02,DRB3*01:08,DRB3*01:15,DRB4*01:03:01,DRB8*01:01,E*01:03:02,F*01:03:01,F*01:01:01,H*02:04,H*01:01:01,K*01:01:01,K*01:02,L*01:01:01,
SRR13280655_86,A*02:01:01,A*03:01:01,B*40:01:02,B*15:01:01,C*03:04:01,DRB1*03:01:01,DRB1*04:01:01,DQA1*05:01:01,DQA1*03:01:01,DQB1*03:02:01,DQB1*02:01:01,DPA1*01:03:01,DPB1*03:01:01,DPB1*04:01:01,DMA*01:01:01,DMA*01:03,DMB*01:07,DMB*01:01:01,DOA*01:01:01,DOB*01:02:01,DOB*01:01:03,DRA*01:01:01,DRA*01:02:02,DRB3*01:15,DRB3*01:14,DRB4*01:03:01,DRB8*01:01,E*01:03:02,F*01:03:01,F*01:01:01,H*02:04,H*01:01:01,K*01:01:01,K*01:02,L*01:01:01,
SRR13280655_91,A*02:01:01,A*03:01:01,B*40:01:02,B*15:01:01,C*03:04:01,DRB1*03:01:01,DRB1*04:01:01,DQA1*05:01:01,DQA1*03:01:01,DQB1*03:02:01,DQB1*02:01:01,DPA1*01:03:01,DPB1*03:01:01,DPB1*04:01:01,DMA*01:01:01,DMA*01:03,DMB*01:07,DMB*01:01:01,DOA*01:01:01,DOB*01:02:01,DOB*01:01:03,DRA*01:02:02,DRA*01:01:01,DRB3*01:15,DRB3*01:14,DRB4*01:03:01,DRB8*01:01,E*01:03:02,F*01:03:01,F*01:01:01,H*02:04,H*01:01:01,K*01:02,K*01:01:01,L*01:01:01,
SRR13280655_96,A*02:01:01,A*03:01:01,B*40:01:02,B*15:01:01,C*03:04:01,DRB1*03:01:01,DRB1*04:01:01,DQA1*05:01:01,DQA1*03:01:01,DQB1*03:02:01,DQB1*02:01:01,DPA1*01:03:01,DPB1*03:01:01,DPB1*04:01:01,DMA*01:01:01,DMA*01:03,DMB*01:07,DMB*01:01:01,DOA*01:01:01,DOB*01:02:01,DOB*01:01:03,DRA*01:01:01,DRA*01:02:02,DRB3*01:15,DRB3*01:14,DRB4*01:03:01,DRB4*01:03:04,DRB8*01:01,E*01:03:02,F*01:03:01,F*01:01:01,H*01:01:01,H*02:04,K*01:02,K*01:01:01,L*01:01:01,
SRR13280666_101,A*02:01:01,A*03:01:01,B*35:01:01,B*44:09,C*04:01:01,C*05:01:01,DRB1*01:01:01,DRB1*04:01:01,DQA1*03:03:01,DQA1*01:01:01,DQB1*05:01:01,DQB1*03:01:01,DPA1*01:03:01,DPB1*03:01:01,DPB1*04:01:01,DMA*01:01:01,DMB*01:03:01,DOA*01:01:04,DOA*01:01:01,DOB*01:01:01,DRA*01:01:01,DRB3*01:15,DRB4*01:03:01,E*01:01:01,E*01:06,F*01:03:01,F*01:01:01,H*02:04,H*01:01:01,K*01:03,K*01:02,L*01:01:01,L*01:01:02,
SRR13280666_106,A*02:01:01,A*03:01:01,B*35:01:01,B*44:09,C*04:01:01,C*05:01:01,DRB1*01:01:01,DRB1*04:01:01,DQA1*03:03:01,DQA1*01:01:01,DQB1*05:01:01,DQB1*03:01:01,DPA1*01:03:01,DPB1*03:01:01,DPB1*04:01:01,DMA*01:01:01,DMB*01:03:01,DMB*01:05,DOA*01:01:04,DOA*01:01:01,DOB*01:01:01,DRA*01:01:01,DRB3*01:15,DRB4*01:03:01,DRB4*01:03:04,E*01:01:01,E*01:06,F*01:03:01,F*01:01:01,H*02:04,H*01:01:01,K*01:02,K*01:01:01,L*01:01:01,L*01:02,L*01:01:02,L*01:02,
SRR13280666_111,A*02:01:01,A*03:01:01,B*35:01:01,B*44:09,C*04:01:01,C*05:01:01,DRB1*01:01:01,DRB1*04:01:01,DQA1*03:03:01,DQA1*01:01:01,DQB1*05:01:01,DQB1*03:01:01,DPA1*01:03:01,DPB1*03:01:01,DPB1*04:01:01,DMA*01:01:01,DMB*01:03:01,DOA*01:01:04,DOA*01:01:01,DOB*01:01:01,DRA*01:01:01,DRB4*01:03:01,DRB4*01:03:03,E*01:01:01,E*01:06,F*01:03:01,F*01:01:01,H*02:04,H*01:01:01,K*01:02,K*01:01:01,L*01:01:01,L*01:01:02,
SRR13280666_116,A*02:01:01,A*03:01:01,B*35:01:01,B*44:09,C*04:01:01,C*05:01:01,DRB1*01:01:01,DRB1*04:01:01,DQA1*03:03:01,DQA1*01:01:01,DQB1*05:01:01,DQB1*03:01:01,DPA1*01:03:01,DPB1*03:01:01,DPB1*04:01:01,DMA*01:01:01,DMB*01:03:01,DMB*01:05,DOA*01:01:04,DOA*01:01:01,DOB*01:01:01,DRA*01:01:01,DRB4*01:03:01,DRB4*01:03:04,E*01:01:01,E*01:06,F*01:03:01,F*01:01:01,H*02:04,H*01:01:01,K*01:02,L*01:01:01,L*01:02,L*01:01:02,L*01:02,
SRR13280666_121,A*02:01:01,A*03:01:01,B*35:01:01,B*44:09,C*04:01:01,C*05:01:01,DRB1*01:01:01,DRB1*04:01:01,DQA1*03:03:01,DQA1*01:01:01,DQB1*05:01:01,DQB1*03:01:01,DPA1*01:03:01,DPB1*03:01:01,DPB1*04:01:01,DMA*01:01:01,DMB*01:03:01,DMB*01:05,DOA*01:01:04,DOA*01:01:01,DOB*01:01:01,DRA*01:01:01,DRB4*01:03:01,DRB4*01:03:04,E*01:01:01,E*01:06,F*01:03:01,F*01:01:01,H*02:04,H*01:01:01,K*01:02,K*01:01:01,L*01:01:01,L*01:02,L*01:01:02,L*01:02,
SRR13280666_126,A*02:01:01,A*03:01:01,B*35:01:01,B*44:02:01,C*04:01:01,C*05:01:01,DRB1*01:01:01,DRB1*04:01:01,DQA1*03:03:01,DQA1*01:01:01,DQB1*05:01:01,DQB1*03:01:01,DPA1*01:03:01,DPB1*03:01:01,DPB1*04:01:01,DMA*01:01:01,DMB*01:03:01,DOA*01:01:04,DOA*01:01:01,DOB*01:01:01,DRA*01:01:01,DRB4*01:03:01,DRB4*01:03:04,E*01:01:01,E*01:06,F*01:03:01,F*01:01:01,H*02:04,H*01:01:01,K*01:02,L*01:01:01,L*01:02,L*01:01:02,L*01:02,
SRR13280666_36,A*02:01:01,A*03:63,B*35:71,B*44:91,C*04:08,C*08:02:01,DRB1*04:01:01,DRB1*01:18,DQA1*01:01:01,DQA1*03:03:01,DQB1*05:01:01,DQB1*03:01:01,DPA1*01:03:01,DPB1*03:01:01,DPB1*04:01:01,DMA*01:01:01,DMB*01:03:01,DOA*01:01:04,DOB*01:01:01,DOB*01:02:01,DRA*01:01:01,DRB3*02:27,DRB4*02:01N,DRB5*02:05,DRB5*01:11,DRB8*01:01,E*01:06,E*01:01:01,F*01:03:01,F*01:01:01,H*02:02,H*03:01,K*01:02,K*01:03,K*01:01:01,K*01:03,L*01:02,
SRR13280666_41,A*02:01:02,A*03:01:12,B*35:71,B*44:91,C*04:08,C*05:10,DRB1*04:01:01,DRB1*01:01:01,DQA1*01:01:01,DQA1*03:03:01,DQB1*05:01:01,DQB1*03:01:01,DPA1*01:03:01,DPB1*03:01:01,DPB1*04:01:01,DMA*01:01:01,DMB*01:03:01,DOA*01:01:04,DOB*01:01:01,DOB*01:01:03,DRA*01:01:01,DRB3*02:27,DRB3*01:15,DRB4*02:01N,DRB5*02:05,DRB5*01:14,DRB8*01:01,E*01:01:01,E*01:06,F*01:03:01,F*01:01:01,H*02:02,H*03:01,K*01:02,K*01:01:01,K*01:02,K*01:03,L*01:02,
SRR13280666_46,A*02:01:01,A*03:01:01,B*35:01:01,B*44:09,C*04:106,C*05:01:01,DRB1*04:01:01,DRB1*01:01:01,DQA1*01:01:01,DQA1*03:03:01,DQB1*05:01:01,DQB1*03:01:01,DPA1*01:03:01,DPB1*03:01:01,DPB1*04:01:01,DMA*01:01:01,DMB*01:03:01,DOA*01:01:04,DOA*01:01:01,DOB*01:01:01,DRA*01:01:01,DRB3*01:15,DRB4*01:03:01,DRB4*02:01N,DRB5*02:05,DRB5*02:03,DRB8*01:01,E*01:01:01,E*01:06,F*01:03:01,F*01:01:01,H*02:04,H*01:01:01,K*01:02,K*01:03,K*01:02,K*01:01:01,L*01:01:02,L*01:02,
SRR13280666_51,A*02:01:01,A*03:01:01,B*35:01:01,B*44:09,C*04:106,C*05:01:01,DRB1*04:01:01,DRB1*01:01:01,DQA1*03:03:01,DQA1*01:01:01,DQB1*05:01:01,DQB1*03:01:01,DPA1*01:03:01,DPB1*03:01:01,DPB1*04:01:01,DMA*01:01:01,DMB*01:03:01,DOA*01:01:04,DOA*01:01:01,DOB*01:01:01,DRA*01:01:01,DRB3*01:15,DRB4*01:03:01,DRB4*01:03:04,DRB5*02:05,DRB5*01:11,DRB8*01:01,E*01:01:01,E*01:06,F*01:03:01,F*01:01:01,H*02:04,H*01:01:01,K*01:02,K*01:03,K*01:02,K*01:01:01,L*01:01:01,L*01:02,L*01:01:02,L*01:02,
SRR13280666_56,A*02:01:01,A*03:01:01,B*35:01:01,B*44:09,C*04:106,C*05:01:01,DRB1*04:01:01,DRB1*01:01:01,DQA1*03:03:01,DQA1*01:01:01,DQB1*05:01:01,DQB1*03:01:01,DPA1*01:03:01,DPB1*03:01:01,DPB1*04:01:01,DMA*01:01:01,DMB*01:03:01,DOA*01:01:04,DOA*01:01:01,DOB*01:01:01,DRA*01:01:01,DRB3*01:15,DRB4*01:03:01,DRB4*01:03:04,DRB5*02:05,DRB5*01:11,DRB8*01:01,E*01:01:01,E*01:06,F*01:03:01,F*01:01:01,H*02:04,H*01:01:01,K*01:02,K*01:01:01,L*01:01:01,L*01:02,L*01:01:02,L*01:02,
SRR13280666_61,A*02:01:01,A*03:01:01,B*35:01:01,B*44:09,C*04:106,C*05:01:01,DRB1*04:01:01,DRB1*01:01:01,DQA1*03:03:01,DQA1*01:01:01,DQB1*05:01:01,DQB1*03:01:01,DPA1*01:03:01,DPB1*03:01:01,DPB1*04:01:01,DMA*01:01:01,DMB*01:03:01,DOA*01:01:04,DOA*01:01:01,DOB*01:01:01,DRA*01:01:01,DRB3*01:15,DRB4*01:03:01,DRB4*01:03:04,DRB5*01:14,DRB5*01:01:02,DRB8*01:01,E*01:01:01,E*01:06,F*01:03:01,F*01:01:01,H*02:04,H*01:01:01,K*01:02,K*01:01:01,L*01:01:01,L*01:02,L*01:01:02,L*01:02,
SRR13280666_66,A*02:01:01,A*03:01:01,B*35:01:01,B*44:09,C*04:106,C*05:01:01,DRB1*04:01:01,DRB1*01:01:01,DQA1*03:03:01,DQA1*01:01:01,DQB1*05:01:01,DQB1*03:01:01,DPA1*01:03:01,DPB1*03:01:01,DPB1*04:01:01,DMA*01:01:01,DMB*01:03:01,DOA*01:01:04,DOA*01:01:01,DOB*01:01:01,DRA*01:01:01,DRB3*01:15,DRB4*01:03:01,DRB4*01:03:04,DRB5*02:05,DRB5*01:14,DRB8*01:01,E*01:01:01,E*01:06,F*01:03:01,F*01:01:01,H*02:04,H*01:01:01,K*01:02,K*01:01:01,L*01:01:01,L*01:02,L*01:01:02,L*01:02,
SRR13280666_71,A*02:01:01,A*03:01:01,B*35:01:01,B*44:09,C*04:01:01,C*05:01:01,DRB1*04:01:01,DRB1*01:01:01,DQA1*03:03:01,DQA1*01:01:01,DQB1*05:01:01,DQB1*03:01:01,DPA1*01:03:01,DPB1*03:01:01,DPB1*04:01:01,DMA*01:01:01,DMB*01:03:01,DOA*01:01:04,DOA*01:01:01,DOB*01:01:01,DRA*01:01:01,DRB3*01:15,DRB4*01:03:01,DRB4*01:03:04,DRB5*01:14,DRB8*01:01,E*01:01:01,E*01:06,F*01:03:01,F*01:01:01,H*02:04,H*01:01:01,K*01:02,K*01:01:01,L*01:01:01,L*01:02,L*01:01:02,L*01:02,
SRR13280666_76,A*02:01:01,A*03:01:01,B*35:01:01,B*44:09,C*04:01:01,C*05:01:01,DRB1*04:01:01,DRB1*01:01:01,DQA1*03:03:01,DQA1*01:01:01,DQB1*05:01:01,DQB1*03:01:01,DPA1*01:03:01,DPB1*03:01:01,DPB1*04:01:01,DMA*01:01:01,DMB*01:03:01,DOA*01:01:04,DOA*01:01:01,DOB*01:01:01,DRA*01:01:01,DRB3*01:15,DRB4*01:03:01,DRB4*01:03:04,DRB5*01:14,DRB8*01:01,E*01:01:01,E*01:06,F*01:03:01,F*01:01:01,H*02:04,H*01:01:01,K*01:02,K*01:01:01,L*01:01:01,L*01:01:02,
SRR13280666_81,A*02:01:01,A*03:01:01,B*35:01:01,B*44:09,C*04:01:01,C*05:01:01,DRB1*04:01:01,DRB1*01:01:01,DQA1*03:03:01,DQA1*01:01:01,DQB1*05:01:01,DQB1*03:01:01,DPA1*01:03:01,DPB1*03:01:01,DPB1*04:01:01,DMA*01:01:01,DMB*01:03:01,DOA*01:01:01,DOA*01:01:04,DOB*01:01:01,DRA*01:01:01,DRB3*01:15,DRB4*01:03:01,E*01:01:01,E*01:06,F*01:03:01,F*01:01:01,H*02:04,H*01:01:01,K*01:02,K*01:01:01,L*01:01:01,L*01:01:02,
SRR13280666_86,A*02:01:01,A*03:01:01,B*35:01:01,B*44:09,C*04:01:01,C*05:01:01,DRB1*04:01:01,DRB1*01:01:01,DQA1*03:03:01,DQA1*01:01:01,DQB1*05:01:01,DQB1*03:01:01,DPA1*01:03:01,DPB1*03:01:01,DPB1*04:01:01,DMA*01:01:01,DMB*01:03:01,DOA*01:01:04,DOA*01:01:01,DOB*01:01:01,DRA*01:01:01,DRB3*01:15,DRB4*01:03:01,E*01:01:01,E*01:06,F*01:03:01,F*01:01:01,H*02:04,H*01:01:01,K*01:02,K*01:01:01,L*01:01:01,L*01:01:02,
SRR13280666_91,A*02:01:01,A*03:01:01,B*35:01:01,B*44:09,C*04:01:01,C*05:01:01,DRB1*01:01:01,DRB1*04:01:01,DQA1*03:03:01,DQA1*01:01:01,DQB1*05:01:01,DQB1*03:01:01,DPA1*01:03:01,DPB1*03:01:01,DPB1*04:01:01,DMA*01:01:01,DMB*01:03:01,DOA*01:01:04,DOA*01:01:01,DOB*01:01:01,DRA*01:01:01,DRB3*01:15,DRB4*01:03:01,E*01:01:01,E*01:06,F*01:03:01,F*01:01:01,H*02:04,H*01:01:01,K*01:02,K*01:02,L*01:01:01,L*01:01:02,
SRR13280666_96,A*02:01:01,A*03:01:01,B*35:01:01,B*44:09,C*04:01:01,C*05:01:01,DRB1*01:01:01,DRB1*04:01:01,DQA1*03:03:01,DQA1*01:01:01,DQB1*05:01:01,DQB1*03:01:01,DPA1*01:03:01,DPB1*03:01:01,DPB1*04:01:01,DMA*01:01:01,DMB*01:03:01,DOA*01:01:04,DOA*01:01:01,DOB*01:01:01,DRA*01:01:01,DRB3*01:15,DRB4*01:03:01,DRB4*01:03:04,E*01:01:01,E*01:06,F*01:03:01,F*01:01:01,H*02:04,H*01:01:01,K*01:02,K*01:02,L*01:01:01,L*01:01:02,
SRR13280675_101,A*02:01:01,A*03:01:01,B*07:02:01,B*15:01:01,C*03:03:01,C*07:02:01,DRB1*04:01:01,DRB1*14:54:01,DQA1*03:01:01,DQA1*01:07,DQB1*05:03:01,DQB1*03:02:01,DPA1*01:03:01,DPB1*04:01:01,DMA*01:01:01,DMB*01:01:01,DMB*01:05,DOA*01:01:01,DOB*01:01:01,DRA*01:01:01,DRB3*02:27,DRB3*02:10,DRB4*01:03:01,DRB4*01:03:04,DRB8*01:01,E*01:03:02,F*01:03:01,F*01:01:01,H*02:04,H*01:01:01,K*01:02,K*01:01:01,L*01:01:01,
SRR13280675_106,A*02:01:01,A*03:01:01,B*07:02:01,B*15:01:01,C*03:03:01,C*07:02:01,DRB1*04:01:01,DRB1*14:54:01,DQA1*03:01:01,DQA1*01:07,DQB1*05:03:01,DQB1*03:02:01,DPA1*01:03:01,DPB1*04:01:01,DMA*01:01:01,DMB*01:01:01,DMB*01:05,DOA*01:01:01,DOB*01:01:01,DRA*01:01:01,DRB3*02:27,DRB3*02:10,DRB4*01:03:01,DRB4*01:03:04,E*01:03:02,F*01:03:01,F*01:01:01,H*02:04,H*01:01:01,K*01:02,K*01:01:01,L*01:01:01,
SRR13280675_111,A*02:01:01,A*03:01:01,B*07:02:01,B*15:01:01,C*03:03:01,C*07:02:01,DRB1*04:01:01,DRB1*14:54:01,DQA1*03:01:01,DQA1*01:07,DQB1*05:03:01,DQB1*03:02:01,DPA1*01:03:01,DPB1*04:01:01,DMA*01:01:01,DMB*01:01:01,DMB*01:05,DOA*01:01:01,DOB*01:01:01,DRA*01:01:01,DRB3*02:02:01,DRB3*02:27,DRB4*01:03:01,E*01:03:02,F*01:03:01,F*01:01:01,H*02:04,H*01:01:01,K*01:02,K*01:01:01,L*01:01:01,
SRR13280675_116,A*02:01:01,A*03:01:01,B*07:02:01,B*15:01:01,C*03:03:01,C*07:02:01,DRB1*04:01:01,DRB1*14:54:01,DQA1*03:01:01,DQA1*01:07,DQB1*05:03:01,DQB1*03:02:01,DPA1*01:03:01,DPB1*04:01:01,DMA*01:01:01,DMB*01:01:01,DMB*01:05,DOA*01:01:01,DOB*01:01:01,DRA*01:01:01,DRB3*02:02:01,DRB3*02:27,DRB4*01:03:01,DRB4*01:03:04,E*01:03:02,F*01:03:01,F*01:01:01,H*02:04,H*01:01:01,K*01:02,K*01:01:01,L*01:01:01,
SRR13280675_121,A*02:01:01,A*03:01:01,B*07:02:01,B*15:01:01,C*03:03:01,C*07:02:01,DRB1*04:01:01,DRB1*14:54:01,DQA1*03:01:01,DQA1*01:07,DQB1*05:03:01,DQB1*03:02:01,DPA1*01:03:01,DPB1*04:01:01,DMA*01:01:01,DMB*01:01:01,DMB*01:05,DOA*01:01:01,DOB*01:01:01,DRA*01:01:01,DRB3*02:02:01,DRB3*02:27,DRB4*01:03:01,DRB4*01:03:04,E*01:03:02,F*01:03:01,F*01:01:01,H*01:01:01,H*02:04,K*01:02,K*01:01:01,L*01:01:01,
SRR13280675_126,A*02:01:01,A*03:01:01,B*07:02:01,B*15:01:01,C*03:03:01,C*07:02:01,DRB1*04:01:01,DRB1*14:54:01,DQA1*03:01:01,DQA1*01:07,DQB1*05:03:01,DQB1*03:02:01,DPA1*01:03:01,DPB1*04:01:01,DMA*01:01:01,DMB*01:01:01,DMB*01:05,DOA*01:01:01,DOB*01:01:01,DRA*01:01:01,DRB3*02:02:01,DRB3*02:27,DRB4*01:03:01,DRB4*01:03:04,E*01:03:02,F*01:03:01,F*01:01:01,H*01:01:01,H*02:04,K*01:02,K*01:01:01,L*01:01:01,
SRR13280675_36,A*02:01:01,A*03:12,B*07:02:01,B*15:01:01,C*03:64:01,C*07:02:01,DRB1*14:54:01,DRB1*04:01:01,DQA1*03:01:01,DQA1*01:07,DQB1*05:03:01,DQB1*03:02:01,DPA1*01:03:01,DPB1*04:01:01,DPB1*99:01,DMA*01:01:01,DMB*01:01:01,DOA*01:01:01,DOB*01:01:01,DOB*01:01:03,DRA*01:01:01,DRB3*02:27,DRB3*03:03,DRB4*02:01N,DRB5*02:03,DRB5*01:14,DRB8*01:01,E*01:03:02,F*01:04,F*01:01:01,G*01:04:03,G*01:01:06,G*01:01:20,G*01:01:06,H*02:04,H*03:01,J*02:01,J*01:01:01,K*01:02,K*01:01:01,L*01:01:02,L*01:02,
SRR13280675_41,A*02:01:01,A*03:12,B*07:02:01,B*15:01:01,C*03:64:01,C*07:02:01,DRB1*14:54:01,DRB1*04:01:01,DQA1*03:01:01,DQA1*01:07,DQB1*05:03:01,DQB1*03:02:01,DPA1*01:03:01,DPB1*04:01:01,DPB1*99:01,DMA*01:01:01,DMB*01:01:01,DOA*01:01:01,DOA*01:01:03,DOB*01:01:01,DRA*01:01:01,DRB3*02:27,DRB3*03:03,DRB4*02:01N,DRB5*01:14,DRB5*02:03,DRB8*01:01,E*01:03:02,F*01:03:01,F*01:01:01,G*01:04:03,G*01:01:06,H*02:04,H*03:01,J*01:01:01,K*01:02,K*01:01:01,L*01:01:02,L*01:02,
SRR13280675_46,A*02:01:01,A*03:12,B*07:02:01,B*15:01:01,C*03:28,C*07:02:01,DRB1*14:54:01,DRB1*04:01:01,DQA1*03:01:01,DQA1*01:07,DQB1*05:03:01,DQB1*03:02:01,DPA1*01:03:01,DPB1*04:01:01,DMA*01:01:01,DMB*01:01:01,DOA*01:01:01,DOB*01:01:01,DRA*01:01:01,DRB3*02:27,DRB3*03:01:01,DRB4*01:03:01,DRB4*02:01N,DRB5*01:14,DRB5*02:03,DRB8*01:01,E*01:03:02,F*01:03:01,F*01:01:01,H*02:04,H*03:01,J*01:01:01,K*01:02,K*01:01:01,L*01:01:02,L*01:02,
SRR13280675_51,A*02:01:01,A*03:12,B*07:02:01,B*15:01:01,C*03:04:01,C*07:02:01,DRB1*14:54:01,DRB1*04:01:01,DQA1*03:01:01,DQA1*01:07,DQB1*05:03:01,DQB1*03:02:01,DPA1*01:03:01,DPB1*04:01:01,DMA*01:01:01,DMB*01:01:01,DOA*01:01:01,DOB*01:01:01,DRA*01:01:01,DRB3*02:27,DRB3*03:01:01,DRB4*01:03:01,DRB4*01:03:04,DRB5*01:14,DRB5*01:01:02,DRB8*01:01,E*01:03:02,F*01:03:01,F*01:01:01,H*02:04,H*01:01:01,J*01:01:01,K*01:02,K*01:01:01,L*01:01:01,
SRR13280675_56,A*02:01:01,A*03:12,B*07:02:01,B*15:01:01,C*03:04:01,C*07:02:01,DRB1*14:54:01,DRB1*04:01:01,DQA1*03:01:01,DQA1*01:07,DQB1*05:03:01,DQB1*03:02:01,DPA1*01:03:01,DPB1*04:01:01,DMA*01:01:01,DMB*01:01:01,DOA*01:01:01,DOB*01:01:01,DRA*01:01:01,DRB3*02:27,DRB3*03:01:01,DRB4*01:03:01,DRB4*01:03:04,DRB5*01:14,DRB5*01:01:02,DRB8*01:01,E*01:03:02,F*01:03:01,F*01:01:01,H*02:04,H*01:01:01,K*01:02,K*01:01:01,L*01:01:01,
SRR13280675_61,A*02:01:01,A*03:12,B*07:02:01,B*15:01:01,C*03:03:01,C*07:02:01,DRB1*14:54:01,DRB1*04:01:01,DQA1*03:01:01,DQA1*01:07,DQB1*05:03:01,DQB1*03:02:01,DPA1*01:03:01,DPB1*04:01:01,DMA*01:01:01,DMB*01:01:01,DOA*01:01:01,DOB*01:01:01,DRA*01:01:01,DRB3*02:27,DRB3*02:10,DRB4*01:03:01,DRB4*01:03:04,DRB5*01:14,DRB8*01:01,E*01:03:02,F*01:03:01,F*01:01:01,H*02:04,H*01:01:01,K*01:02,K*01:01:01,L*01:01:01,
SRR13280675_66,A*02:01:01,A*03:12,B*07:02:01,B*15:01:01,C*03:03:01,C*07:02:01,DRB1*14:54:01,DRB1*04:01:01,DQA1*03:01:01,DQA1*01:07,DQB1*05:03:01,DQB1*03:02:01,DPA1*01:03:01,DPB1*04:01:01,DMA*01:01:01,DMB*01:01:01,DOA*01:01:01,DOB*01:01:01,DRA*01:01:01,DRB3*02:27,DRB3*02:10,DRB4*01:03:01,DRB4*01:03:04,DRB5*01:14,DRB8*01:01,E*01:03:02,F*01:03:01,F*01:01:01,H*02:04,H*01:01:01,K*01:02,K*01:01:01,L*01:01:01,
SRR13280675_71,A*02:01:01,A*03:01:01,B*07:02:01,B*15:01:01,C*03:03:01,C*07:02:01,DRB1*14:54:01,DRB1*04:01:01,DQA1*03:01:01,DQA1*01:07,DQB1*05:03:01,DQB1*03:02:01,DPA1*01:03:01,DPB1*04:01:01,DMA*01:01:01,DMB*01:01:01,DOA*01:01:01,DOB*01:01:01,DRA*01:01:01,DRB3*02:27,DRB3*02:10,DRB4*01:03:01,DRB4*01:03:04,DRB5*01:14,DRB8*01:01,E*01:03:02,F*01:03:01,F*01:01:01,H*02:04,H*01:01:01,K*01:02,K*01:01:01,L*01:01:01,
SRR13280675_76,A*02:01:01,A*03:12,B*07:02:01,B*15:01:01,C*03:03:01,C*07:02:01,DRB1*04:01:01,DRB1*14:54:01,DQA1*03:01:01,DQA1*01:07,DQB1*05:03:01,DQB1*03:02:01,DPA1*01:03:01,DPB1*04:01:01,DMA*01:01:01,DMB*01:01:01,DOA*01:01:01,DOB*01:01:01,DRA*01:01:01,DRB3*02:27,DRB3*02:10,DRB4*01:03:01,DRB4*01:03:04,DRB5*01:14,DRB8*01:01,E*01:03:02,F*01:03:01,F*01:01:01,H*02:04,H*01:01:01,K*01:02,K*01:01:01,L*01:01:01,
SRR13280675_81,A*02:01:01,A*03:01:01,B*07:02:01,B*15:01:01,C*03:03:01,C*07:02:01,DRB1*04:01:01,DRB1*14:54:01,DQA1*03:01:01,DQA1*01:07,DQB1*05:03:01,DQB1*03:02:01,DPA1*01:03:01,DPB1*04:01:01,DMA*01:01:01,DMB*01:01:01,DOA*01:01:01,DOB*01:01:01,DRA*01:01:01,DRB3*02:27,DRB3*02:10,DRB4*01:03:01,DRB4*01:03:04,DRB8*01:01,E*01:03:02,F*01:03:01,F*01:01:01,H*02:04,H*01:01:01,K*01:02,K*01:01:01,L*01:01:01,
SRR13280675_86,A*02:01:01,A*03:01:01,B*07:02:01,B*15:01:01,C*03:03:01,C*07:02:01,DRB1*04:01:01,DRB1*14:54:01,DQA1*03:01:01,DQA1*01:07,DQB1*05:03:01,DQB1*03:02:01,DPA1*01:03:01,DPB1*04:01:01,DMA*01:01:01,DMB*01:01:01,DMB*01:05,DOA*01:01:01,DOB*01:01:01,DRA*01:01:01,DRB3*02:27,DRB3*02:10,DRB4*01:03:01,DRB4*01:03:04,DRB8*01:01,E*01:03:02,F*01:03:01,F*01:01:01,H*02:04,H*01:01:01,K*01:02,K*01:01:01,L*01:01:01,
SRR13280675_91,A*02:01:01,A*03:01:01,B*07:02:01,B*15:01:01,C*03:03:01,C*07:02:01,DRB1*04:01:01,DRB1*14:54:01,DQA1*03:01:01,DQA1*01:07,DQB1*05:03:01,DQB1*03:02:01,DPA1*01:03:01,DPB1*04:01:01,DMA*01:01:01,DMB*01:01:01,DMB*01:05,DOA*01:01:01,DOB*01:01:01,DRA*01:01:01,DRB3*02:27,DRB3*02:10,DRB4*01:03:01,DRB4*01:03:04,DRB8*01:01,E*01:03:02,F*01:03:01,F*01:01:01,H*02:04,H*01:01:01,K*01:02,K*01:01:01,L*01:01:01,
SRR13280675_96,A*02:01:01,A*03:01:01,B*07:02:01,B*15:01:01,C*03:03:01,C*07:02:01,DRB1*04:01:01,DRB1*14:54:01,DQA1*03:01:01,DQA1*01:07,DQB1*05:03:01,DQB1*03:02:01,DPA1*01:03:01,DPB1*04:01:01,DMA*01:01:01,DMB*01:01:01,DMB*01:05,DOA*01:01:01,DOB*01:01:01,DRA*01:01:01,DRB3*02:27,DRB3*02:10,DRB4*01:03:01,DRB4*01:03:04,DRB8*01:01,E*01:03:02,F*01:03:01,F*01:01:01,H*02:04,H*01:01:01,K*01:02,K*01:01:01,L*01:01:01,
SRR13280683_101,A*02:01:01,B*15:01:01,B*57:01:01,C*06:02:01,C*03:04:01,DRB1*04:01:01,DQA1*03:03:01,DQA1*03:01:01,DQB1*03:02:01,DQB1*03:01:01,DPA1*01:03:01,DPB1*03:01:01,DPB1*04:02:01,DMA*01:01:01,DMB*01:05,DMB*01:03:01,DOA*01:01:04,DOB*01:02:01,DOB*01:01:01,DRA*01:01:01,DRB3*01:15,DRB4*01:03:01,E*01:01:01,E*01:03:02,F*01:01:01,H*01:01:01,K*01:02,L*01:01:01,
SRR13280683_106,A*02:01:01,B*15:01:01,B*57:01:01,C*06:02:01,C*03:04:01,DRB1*04:01:01,DQA1*03:03:01,DQA1*03:01:01,DQB1*03:02:01,DQB1*03:01:01,DPA1*01:03:01,DPB1*03:01:01,DPB1*04:02:01,DMA*01:01:01,DMB*01:05,DMB*01:03:01,DOA*01:01:04,DOB*01:02:01,DOB*01:01:01,DRA*01:01:01,DRB3*01:15,DRB4*01:03:01,E*01:01:01,E*01:03:02,F*01:01:01,F*01:01:03,H*01:01:01,K*01:02,L*01:01:01,
SRR13280683_111,A*02:01:01,B*15:01:01,B*57:01:01,C*06:02:01,C*03:04:01,DRB1*04:01:01,DQA1*03:03:01,DQA1*03:01:01,DQB1*03:02:01,DQB1*03:01:01,DPA1*01:03:01,DPB1*03:01:01,DPB1*04:02:01,DMA*01:01:01,DMB*01:05,DMB*01:03:01,DOA*01:01:04,DOB*01:02:01,DOB*01:01:01,DRA*01:01:01,DRB4*01:03:01,E*01:01:01,E*01:03:02,F*01:01:01,F*01:01:03,H*01:01:01,K*01:02,L*01:01:01,
SRR13280683_116,A*02:01:01,B*15:01:01,B*57:01:01,C*06:02:01,C*03:04:01,DRB1*04:01:01,DQA1*03:03:01,DQA1*03:01:01,DQB1*03:02:01,DQB1*03:01:01,DPA1*01:03:01,DPB1*03:01:01,DPB1*04:02:01,DMA*01:01:01,DMB*01:05,DMB*01:03:01,DOA*01:01:04,DOB*01:02:01,DOB*01:01:01,DRA*01:01:01,DRB4*01:03:01,DRB4*01:03:03,E*01:01:01,E*01:03:02,F*01:01:01,F*01:01:03,H*01:01:01,K*01:02,L*01:01:01,
SRR13280683_121,A*02:01:01,B*15:01:01,B*57:01:01,C*06:02:01,C*03:04:01,DRB1*04:01:01,DQA1*03:03:01,DQA1*03:01:01,DQB1*03:02:01,DQB1*03:01:01,DPA1*01:03:01,DPB1*03:01:01,DPB1*04:02:01,DMA*01:01:01,DMB*01:05,DMB*01:03:01,DOA*01:01:04,DOB*01:02:01,DOB*01:01:01,DRA*01:01:01,DRB4*01:03:01,DRB4*01:03:01,E*01:01:01,E*01:03:02,F*01:01:01,H*01:01:01,K*01:02,L*01:01:01,
SRR13280683_126,A*02:01:01,B*15:01:01,B*57:01:01,C*06:02:01,C*03:04:01,DRB1*04:01:01,DQA1*03:03:01,DQA1*03:01:01,DQB1*03:02:01,DQB1*03:01:01,DPA1*01:03:01,DPB1*03:01:01,DPB1*04:02:01,DMA*01:01:01,DMB*01:01:01,DMB*01:03:01,DOA*01:01:04,DOB*01:02:01,DOB*01:01:01,DRA*01:01:01,DRB4*01:03:01,DRB4*01:03:01,E*01:01:01,E*01:03:02,F*01:01:01,H*01:01:01,K*01:02,L*01:01:01,
SRR13280683_36,A*02:01:01,A*02:327,B*15:01:01,B*57:01:01,C*06:02:01,C*03:64:01,DRB1*04:01:01,DRB1*04:42,DQA1*03:03:01,DQA1*03:01:01,DQB1*03:02:01,DQB1*03:01:01,DPA1*01:03:01,DPB1*03:01:01,DPB1*04:02:01,DMA*01:01:01,DMB*01:01:01,DMB*01:03:01,DOA*01:01:04,DOB*01:02:01,DOB*01:01:01,DRA*01:01:01,DRB3*02:27,DRB3*01:15,DRB4*01:03:01,DRB4*02:01N,DRB5*01:14,DRB5*02:03,DRB8*01:01,E*01:01:01,E*01:03:02,F*01:01:01,G*01:01:04,H*03:01,H*01:01:01,K*01:02,
SRR13280683_41,A*02:01:01,A*02:327,B*15:01:01,B*57:01:01,C*06:02:01,C*03:64:01,DRB1*04:01:01,DRB1*11:132,DQA1*03:03:01,DQA1*03:01:01,DQB1*03:02:01,DQB1*03:01:01,DPA1*01:03:01,DPB1*03:01:01,DPB1*04:02:01,DMA*01:01:01,DMB*01:03:01,DMB*01:01:01,DOA*01:01:04,DOA*01:01:02,DOB*01:02:01,DOB*01:01:01,DRA*01:01:01,DRB3*02:27,DRB3*01:15,DRB4*01:03:01,DRB4*02:01N,DRB5*01:14,DRB5*02:03,DRB8*01:01,E*01:01:01,E*01:03:02,F*01:01:01,H*03:01,H*01:01:01,K*01:02,L*01:01:02,L*01:02,
SRR13280683_46,A*02:01:01,A*02:327,B*15:01:01,B*57:01:01,C*06:02:01,C*03:236,DRB1*04:01:01,DRB1*11:04:05,DQA1*03:03:01,DQA1*03:01:01,DQB1*03:02:01,DQB1*03:01:01,DPA1*01:03:01,DPB1*03:01:01,DPB1*04:02:01,DMA*01:01:01,DMB*01:01:01,DMB*01:03:01,DOA*01:01:04,DOB*01:01:01,DRA*01:01:01,DRB3*01:15,DRB4*01:03:01,DRB4*02:01N,DRB5*01:14,DRB5*02:03,DRB8*01:01,E*01:01:01,E*01:03:02,F*01:01:01,H*01:01:01,K*01:02,L*01:01:02,L*01:02,
SRR13280683_51,A*02:01:01,B*15:01:01,B*57:01:01,C*06:02:01,C*03:04:01,DRB1*04:01:01,DQA1*03:03:01,DQA1*03:01:01,DQB1*03:02:01,DQB1*03:01:01,DPA1*01:03:01,DPB1*03:01:01,DPB1*04:02:01,DMA*01:01:01,DMB*01:01:01,DMB*01:03:01,DOA*01:01:04,DOB*01:01:01,DOB*01:02:01,DRA*01:01:01,DRB3*01:15,DRB4*01:03:01,DRB4*01:03:04,DRB5*01:14,DRB5*02:03,DRB8*01:01,E*01:01:01,E*01:03:02,F*01:01:01,H*01:01:01,K*01:02,L*01:01:01,L*01:02,
SRR13280683_56,A*02:01:01,B*15:01:01,B*57:01:01,C*06:02:01,C*03:236,DRB1*04:01:01,DQA1*03:03:01,DQA1*03:01:01,DQB1*03:02:01,DQB1*03:01:01,DPA1*01:03:01,DPB1*03:01:01,DPB1*04:02:01,DMA*01:01:01,DMB*01:01:01,DMB*01:03:01,DOA*01:01:04,DOB*01:02:01,DOB*01:01:01,DRA*01:01:01,DRB3*01:15,DRB4*01:03:01,DRB4*01:03:04,DRB5*01:14,DRB5*01:07,DRB5*01:14,DRB5*01:09,DRB8*01:01,E*01:01:01,E*01:03:02,F*01:01:01,H*01:01:01,K*01:02,L*01:01:01,L*01:02,
SRR13280683_61,A*02:01:01,B*15:01:01,B*57:01:01,C*06:02:01,C*03:236,DRB1*04:01:01,DQA1*03:03:01,DQA1*03:01:01,DQB1*03:02:01,DQB1*03:01:01,DPA1*01:03:01,DPB1*03:01:01,DPB1*04:02:01,DMA*01:01:01,DMB*01:05,DMB*01:03:01,DOA*01:01:04,DOB*01:02:01,DOB*01:01:01,DRA*01:01:01,DRB3*01:15,DRB4*01:03:01,DRB4*01:03:04,DRB5*01:14,DRB5*01:01:02,DRB8*01:01,E*01:01:01,E*01:03:02,F*01:01:01,H*01:01:01,K*01:02,L*01:01:01,L*01:02,
SRR13280683_66,A*02:01:01,B*15:01:01,B*57:01:01,C*06:02:01,C*03:04:01,DRB1*04:01:01,DQA1*03:03:01,DQA1*03:01:01,DQB1*03:02:01,DQB1*03:01:01,DPA1*01:03:01,DPB1*03:01:01,DPB1*04:02:01,DMA*01:01:01,DMB*01:03:01,DMB*01:01:01,DOA*01:01:04,DOB*01:02:01,DOB*01:01:01,DRA*01:01:01,DRB3*01:15,DRB4*01:03:01,DRB4*01:03:04,DRB5*01:14,DRB5*01:01:02,DRB8*01:01,E*01:01:01,E*01:03:02,F*01:01:01,H*01:02,K*01:02,L*01:01:01,
SRR13280683_71,A*02:01:01,B*15:01:01,B*57:01:01,C*06:02:01,C*03:04:01,DRB1*04:01:01,DQA1*03:03:01,DQA1*03:01:01,DQB1*03:01:01,DQB1*03:02:01,DPA1*01:03:01,DPB1*03:01:01,DPB1*04:02:01,DMA*01:01:01,DMB*01:05,DMB*01:01:01,DOA*01:01:04,DOB*01:02:01,DOB*01:01:01,DRA*01:01:01,DRB3*01:15,DRB4*01:03:01,DRB5*01:14,DRB5*01:01:02,DRB8*01:01,E*01:01:01,E*01:03:02,F*01:01:01,H*01:01:01,H*01:02,K*01:02,L*01:01:01,
SRR13280683_76,A*02:01:01,B*15:01:01,B*57:01:01,C*06:02:01,C*03:04:01,DRB1*04:01:01,DQA1*03:03:01,DQA1*03:01:01,DQB1*03:02:01,DQB1*03:01:01,DPA1*01:03:01,DPB1*03:01:01,DPB1*04:02:01,DMA*01:01:01,DMB*01:05,DMB*01:01:01,DOA*01:01:04,DOB*01:02:01,DOB*01:01:01,DRA*01:01:01,DRB3*01:15,DRB4*01:03:01,DRB5*01:14,DRB5*01:01:02,DRB8*01:01,E*01:01:01,E*01:03:02,F*01:01:01,H*01:01:01,H*01:02,K*01:02,L*01:01:01,
SRR13280683_81,A*02:01:01,B*15:01:01,B*57:01:01,C*06:02:01,C*03:04:01,DRB1*04:01:01,DQA1*03:03:01,DQA1*03:01:01,DQB1*03:02:01,DQB1*03:01:01,DPA1*01:03:01,DPB1*03:01:01,DPB1*04:02:01,DMA*01:01:01,DMB*01:05,DMB*01:01:01,DOA*01:01:04,DOB*01:02:01,DOB*01:01:01,DRA*01:01:01,DRB3*01:15,DRB4*01:03:01,E*01:01:01,E*01:03:02,F*01:01:01,H*01:01:01,H*01:02,K*01:02,L*01:01:01,
SRR13280683_86,A*02:01:01,B*15:01:01,B*57:01:01,C*06:02:01,C*03:04:01,DRB1*04:01:01,DQA1*03:03:01,DQA1*03:01:01,DQB1*03:02:01,DQB1*03:01:01,DPA1*01:03:01,DPB1*03:01:01,DPB1*04:02:01,DMA*01:01:01,DMB*01:05,DMB*01:01:01,DOA*01:01:04,DOB*01:02:01,DOB*01:01:01,DRA*01:01:01,DRB3*01:15,DRB4*01:03:01,DRB8*01:01,E*01:01:01,E*01:03:02,F*01:01:01,H*01:01:01,K*01:02,L*01:01:01,
SRR13280683_91,A*02:01:01,B*15:01:01,B*57:01:01,C*06:02:01,C*03:04:01,DRB1*04:01:01,DQA1*03:03:01,DQA1*03:01:01,DQB1*03:02:01,DQB1*03:01:01,DPA1*01:03:01,DPB1*03:01:01,DPB1*04:02:01,DMA*01:01:01,DMB*01:05,DMB*01:01:01,DOA*01:01:04,DOB*01:02:01,DOB*01:01:01,DRA*01:01:01,DRB3*01:15,DRB4*01:03:01,E*01:01:01,E*01:03:02,F*01:01:01,H*01:01:01,K*01:02,L*01:01:01,
SRR13280683_96,A*02:01:01,B*15:01:01,B*57:01:01,C*06:02:01,C*03:04:01,DRB1*04:01:01,DQA1*03:03:01,DQA1*03:01:01,DQB1*03:02:01,DQB1*03:01:01,DPA1*01:03:01,DPB1*03:01:01,DPB1*04:02:01,DMA*01:01:01,DMB*01:05,DMB*01:03:01,DOA*01:01:04,DOB*01:02:01,DOB*01:01:01,DRA*01:01:01,DRB3*01:15,DRB4*01:03:01,DRB4*01:03:04,E*01:01:01,E*01:03:02,F*01:01:01,H*01:01:01,K*01:02,L*01:01:01,
SRR5252837_101,A*11:01:01,A*02:01:01,B*18:01:01,B*27:05:02,C*01:02:01,C*07:01:01,DRB1*01:01:01,DRB1*13:01:01,DQA1*01:03:01,DQA1*01:01:01,DQB1*06:03:01,DQB1*05:01:01,DPA1*01:03:01,DPB1*02:01:02,DPB1*04:01:03,DMA*01:02,DMB*01:01:01,DOA*01:01:01,DOA*01:01:03,DOB*01:01:01,DRA*01:01:01,DRA*01:02:02,DRB3*01:15,E*01:01:01,E*01:03:02,F*01:01:02,F*01:01:01,H*02:04,H*02:06,J*01:01:01,K*01:02,L*01:01:01,L*01:01:02,
SRR5252837_106,A*11:01:01,A*02:01:01,B*18:01:01,B*27:05:02,C*01:02:01,C*07:01:01,DRB1*01:01:01,DRB1*13:01:01,DQA1*01:03:01,DQA1*01:01:01,DQB1*06:03:01,DQB1*05:01:01,DPA1*01:03:01,DPB1*02:01:02,DPB1*04:01:13,DMA*01:02,DMB*01:01:01,DOA*01:01:01,DOA*01:01:03,DOB*01:01:01,DRA*01:01:01,DRA*01:02:02,E*01:01:01,E*01:03:02,F*01:01:02,F*01:01:01,H*02:04,H*02:06,J*01:01:01,K*01:02,L*01:01:01,L*01:01:02,
SRR5252837_111,A*11:01:01,A*02:01:01,B*18:01:01,B*27:05:02,C*01:02:01,C*07:01:01,DRB1*01:01:01,DRB1*13:01:01,DQA1*01:03:01,DQA1*01:01:01,DQB1*06:03:01,DQB1*05:01:01,DPA1*01:03:01,DPB1*02:01:02,DPB1*04:01:01,DMA*01:02,DMB*01:01:01,DOA*01:01:01,DOA*01:01:03,DOB*01:01:01,DRA*01:01:01,DRA*01:02:02,E*01:01:01,E*01:03:02,F*01:01:02,F*01:01:01,H*02:04,J*01:01:01,K*01:02,L*01:01:01,L*01:01:02,
SRR5252837_116,A*11:01:01,A*02:01:01,B*18:01:01,B*27:05:02,C*01:02:01,C*07:01:01,DRB1*01:01:01,DRB1*13:01:01,DQA1*01:03:01,DQA1*01:01:01,DQB1*06:03:01,DQB1*05:01:01,DPA1*01:03:01,DPB1*02:01:02,DPB1*04:01:01,DMA*01:02,DMB*01:01:01,DOA*01:01:01,DOA*01:01:03,DOB*01:01:01,DRA*01:01:01,DRA*01:02:02,E*01:01:01,E*01:03:02,F*01:01:02,F*01:01:01,H*02:04,K*01:02,L*01:01:01,L*01:01:02,
SRR5252837_121,A*11:01:01,A*02:01:01,B*18:01:01,B*27:05:02,C*01:02:01,C*07:01:01,DRB1*01:01:01,DRB1*13:01:01,DQA1*01:03:01,DQA1*01:01:01,DQB1*06:03:01,DQB1*05:01:01,DPA1*01:03:01,DPB1*02:01:02,DPB1*04:01:01,DMA*01:02,DMB*01:01:01,DOA*01:01:01,DOA*01:01:03,DOB*01:01:01,DRA*01:01:01,DRA*01:02:02,E*01:01:01,E*01:03:02,F*01:01:02,F*01:01:01,H*02:04,K*01:02,L*01:01:01,L*01:01:02,
SRR5252837_126,A*11:01:01,A*02:01:01,B*18:01:01,B*27:05:02,C*01:02:01,C*07:01:01,DRB1*01:01:01,DRB1*13:01:01,DQA1*01:03:01,DQA1*01:01:01,DQB1*06:03:01,DQB1*05:01:01,DPA1*01:03:01,DPB1*02:01:02,DPB1*04:01:01,DMA*01:02,DMB*01:01:01,DOA*01:01:01,DOB*01:01:01,DRA*01:01:01,DRA*01:02:02,E*01:01:01,E*01:03:02,F*01:01:02,F*01:01:01,H*02:04,K*01:02,L*01:01:01,L*01:01:02,
SRR5252837_36,A*02:01:09,A*11:73,B*18:01:01,B*27:13,C*07:153,C*01:02:06,DRB1*13:02:01,DRB1*01:20,DQA1*01:03:01,DQA1*01:01:01,DQB1*06:31,DQB1*06:28,DPA1*01:03:01,DPB1*02:01:02,DPB1*138:01,DMA*01:02,DMB*01:01:01,DRA*01:01:01,DRA*01:02:03,DRB3*01:15,DRB5*02:05,DRB5*01:11,DRB8*01:01,E*01:03:02,E*01:01:01,F*01:01:02,F*01:04,G*01:04:03,G*01:17,H*03:01,H*02:04,J*01:01:01,K*01:02,K*01:03,L*01:02,
SRR5252837_41,A*02:346,A*11:12,B*18:01:01,B*27:05:02,C*07:01:01,C*01:02:06,DRB1*13:02:01,DRB1*01:20,DQA1*01:03:01,DQA1*01:01:01,DQB1*06:28,DQB1*06:31,DPA1*01:03:01,DPB1*23:01,DPB1*02:01:02,DMA*01:02,DMB*01:01:01,DOA*01:01:02,DOA*01:01:04,DOA*01:01:05,DOA*01:04N,DOB*01:01:01,DOB*01:01:02,DOB*01:01:03,DRA*01:01:01,DRA*01:02:03,DRB3*01:15,DRB5*01:13,DRB5*02:05,DRB8*01:01,E*01:01:01,E*01:03:02,F*01:01:01,F*01:01:02,G*01:04:03,G*01:17,H*02:02,H*02:04,J*01:01:01,K*01:02,K*01:03,
SRR5252837_46,A*11:01:01,A*02:01:01,B*18:01:01,B*27:13,C*07:01:01,C*01:02:06,DRB1*13:02:01,DRB1*01:20,DQA1*01:03:01,DQA1*01:01:01,DQB1*06:28,DQB1*06:31,DPA1*01:03:01,DPB1*23:01,DPB1*02:01:02,DMA*01:02,DMB*01:01:01,DOA*01:01:04,DOB*01:01:01,DOB*01:01:02,DOB*01:01:03,DRA*01:02:01,DRA*01:01:02,DRB3*01:14,DRB5*02:05,DRB8*01:01,E*01:03:02,E*01:01:01,F*01:01:01,F*01:01:02,H*02:02,H*03:01,J*01:01:01,K*01:02,K*01:03,
SRR5252837_51,A*11:01:01,A*02:01:01,B*18:01:01,B*27:05:02,C*07:01:01,C*01:02:06,DRB1*13:01:01,DRB1*01:01:01,DQA1*01:03:01,DQA1*01:01:01,DQB1*06:28,DQB1*06:31,DPA1*01:03:01,DPB1*23:01,DPB1*02:01:02,DMA*01:02,DMB*01:01:01,DOA*01:01:04,DOB*01:01:01,DOB*01:01:02,DOB*01:01:03,DRA*01:02:01,DRA*01:01:02,DRB3*01:08,DRB3*01:15,DRB8*01:01,E*01:03:02,E*01:01:01,F*01:01:01,F*01:01:02,H*02:04,H*02:02,J*01:01:01,K*01:02,K*01:03,
SRR5252837_56,A*11:01:01,A*02:01:01,B*18:01:01,B*27:05:02,C*01:02:06,C*07:01:01,DRB1*13:01:01,DRB1*01:01:01,DQA1*01:03:01,DQA1*01:01:01,DQB1*06:03:01,DQB1*05:01:01,DPA1*01:03:01,DPB1*23:01,DPB1*02:01:02,DMA*01:02,DMB*01:01:01,DOA*01:01:04,DOB*01:01:01,DOB*01:01:03,DRA*01:01:01,DRA*01:02:02,DRB3*02:10,DRB3*01:14,E*01:03:02,E*01:01:01,F*01:01:01,F*01:01:02,H*02:04,H*02:02,J*01:01:01,K*01:02,K*01:03,
SRR5252837_61,A*11:01:01,A*02:01:01,B*18:01:01,B*27:05:02,C*01:02:01,C*07:01:01,DRB1*13:01:01,DRB1*01:01:01,DQA1*01:03:01,DQA1*01:01:01,DQB1*06:03:01,DQB1*05:01:01,DPA1*01:03:01,DPB1*23:01,DPB1*02:01:02,DMA*01:02,DMB*01:01:01,DOA*01:01:04,DOB*01:01:01,DOB*01:01:03,DRA*01:01:01,DRA*01:02:02,DRB3*02:10,DRB3*01:15,DRB5*02:05,E*01:03:02,E*01:01:01,F*01:01:01,F*01:01:02,H*01:01:01,H*02:04,J*01:01:01,K*01:02,K*01:03,K*01:02,K*01:01:01,
SRR5252837_66,A*11:01:01,A*02:01:01,B*18:01:01,B*27:05:02,C*01:02:01,C*07:01:01,DRB1*13:01:01,DRB1*01:01:01,DQA1*01:03:01,DQA1*01:01:01,DQB1*06:03:01,DQB1*05:01:01,DPA1*01:03:01,DPB1*02:01:02,DPB1*23:01,DMA*01:02,DMB*01:01:01,DOA*01:01:04,DOB*01:01:01,DRA*01:01:01,DRA*01:02:02,DRB3*02:10,DRB3*01:15,E*01:03:02,E*01:01:01,F*01:01:01,F*01:01:02,H*02:01:01,H*02:04,J*01:01:01,K*01:02,
SRR5252837_71,A*11:01:01,A*02:01:01,B*18:01:01,B*27:05:02,C*01:02:01,C*07:01:01,DRB1*13:01:01,DRB1*01:01:01,DQA1*01:03:01,DQA1*01:01:01,DQB1*06:03:01,DQB1*05:01:01,DPA1*01:03:01,DPB1*02:01:02,DPB1*23:01,DMA*01:02,DMB*01:01:01,DOA*01:01:03,DOB*01:01:01,DRA*01:01:01,DRA*01:02:02,E*01:03:02,E*01:01:01,F*01:01:02,F*01:01:01,H*02:01:01,H*02:04,J*01:01:01,K*01:02,
SRR5252837_76,A*11:01:01,A*02:01:01,B*18:01:01,B*27:05:02,C*01:85,C*07:01:01,DRB1*13:01:01,DRB1*01:01:01,DQA1*01:03:01,DQA1*01:01:01,DQB1*06:03:01,DQB1*05:01:01,DPA1*01:03:01,DPB1*02:01:02,DPB1*23:01,DMA*01:02,DMB*01:01:01,DOA*01:01:01,DOB*01:01:01,DRA*01:01:01,DRA*01:02:02,DRB3*01:01:02,E*01:03:02,E*01:01:01,F*01:01:02,F*01:01:01,H*02:01:01,H*02:04,J*01:01:01,K*01:02,
SRR5252837_81,A*11:01:01,A*02:01:01,B*18:01:01,B*27:05:02,C*01:85,C*07:01:01,DRB1*01:01:01,DRB1*13:01:01,DQA1*01:03:01,DQA1*01:01:01,DQB1*06:03:01,DQB1*05:01:01,DPA1*01:03:01,DPB1*02:01:02,DPB1*04:01:01,DMA*01:02,DMB*01:01:01,DOA*01:01:03,DOB*01:01:01,DRA*01:01:01,DRA*01:02:02,DRB3*01:01:02,E*01:01:01,E*01:03:02,F*01:01:02,F*01:01:01,H*02:04,J*01:01:01,K*01:02,
SRR5252837_86,A*11:01:01,A*02:01:01,B*18:01:01,B*27:05:02,C*01:02:01,C*07:01:01,DRB1*01:01:01,DRB1*13:01:01,DQA1*01:03:01,DQA1*01:01:01,DQB1*06:03:01,DQB1*05:01:01,DPA1*01:03:01,DPB1*02:01:02,DPB1*04:01:15,DPB1*02:01:02,DPB1*04:01:07,DPB1*02:01:02,DPB1*04:01:11,DMA*01:02,DMB*01:01:01,DOA*01:01:03,DOB*01:01:01,DRA*01:01:01,DRA*01:02:02,DRB3*01:01:02,E*01:01:01,E*01:03:02,F*01:01:02,F*01:01:01,H*02:04,J*01:01:01,K*01:02,
SRR5252837_91,A*11:01:01,A*02:01:01,B*18:01:01,B*27:05:02,C*01:02:01,C*07:01:01,DRB1*01:01:01,DRB1*13:01:01,DQA1*01:03:01,DQA1*01:01:01,DQB1*06:03:01,DQB1*05:01:01,DPA1*01:03:01,DPB1*02:01:02,DPB1*04:01:15,DMA*01:02,DMB*01:01:01,DOA*01:01:03,DOA*01:01:01,DOB*01:01:01,DRA*01:01:01,DRA*01:02:02,DRB3*01:01:02,E*01:01:01,E*01:03:02,F*01:01:02,F*01:01:01,H*02:01:01,H*02:04,J*01:01:01,K*01:02,L*01:01:01,L*01:01:02,
SRR5252837_96,A*11:01:01,A*02:01:01,B*18:01:01,B*27:05:02,C*01:02:01,C*07:01:01,DRB1*01:01:01,DRB1*13:01:01,DQA1*01:03:01,DQA1*01:01:01,DQB1*06:03:01,DQB1*05:01:01,DPA1*01:03:01,DPB1*02:01:02,DPB1*04:01:15,DMA*01:02,DMB*01:01:01,DOA*01:01:01,DOA*01:01:03,DOB*01:01:01,DRA*01:01:01,DRA*01:02:02,DRB3*01:15,E*01:01:01,E*01:03:02,F*01:01:02,F*01:01:01,H*02:04,H*02:05,H*02:04,H*02:01:01,J*01:01:01,K*01:02,L*01:01:01,L*01:01:02,
SRR5252845_101,A*26:16,A*02:01:01,B*40:01:02,B*51:01:01,C*03:04:01,C*14:02:01,DRB1*13:01:01,DRB1*15:01:01,DQA1*01:02:01,DQA1*01:03:01,DQB1*06:03:01,DQB1*06:02:01,DPA1*01:03:01,DPB1*04:01:01,DMA*01:01:01,DMB*01:03:01,DOA*01:01:04,DOB*01:04:01,DRA*01:02:03,DRA*01:02:02,DRB3*01:14,DRB5*01:11,DRB5*01:01:01,E*01:01:01,E*01:03:02,F*01:01:01,K*01:02,K*01:01:01,L*01:01:01,L*01:01:02,
SRR5252845_106,A*26:16,A*02:01:01,B*40:01:02,B*51:01:01,C*03:04:01,C*14:02:01,DRB1*13:01:01,DRB1*15:01:01,DQA1*01:02:01,DQA1*01:03:01,DQB1*06:03:01,DQB1*06:02:01,DPA1*01:03:01,DPB1*04:01:01,DMA*01:01:01,DMB*01:03:01,DOA*01:01:04,DOB*01:04:01,DRA*01:02:03,DRA*01:02:02,DRB3*01:14,DRB5*01:11,DRB5*01:01:01,E*01:01:01,E*01:03:02,F*01:01:01,K*01:02,K*01:01:01,L*01:01:01,L*01:02,L*01:01:02,L*01:02,
SRR5252845_111,A*26:16,A*02:01:01,B*40:01:02,B*51:01:01,C*03:04:01,C*14:02:01,DRB1*13:01:01,DRB1*15:01:01,DQA1*01:02:01,DQA1*01:03:01,DQB1*06:03:01,DQB1*06:02:01,DPA1*01:03:01,DPB1*04:01:01,DMA*01:01:01,DMB*01:03:01,DOA*01:01:04,DOB*01:04:01,DRA*01:02:03,DRA*01:02:02,DRB3*01:14,DRB5*01:11,E*01:01:01,E*01:03:02,F*01:01:01,K*01:02,K*01:01:01,L*01:01:01,L*01:01:02,
SRR5252845_116,A*26:01:01,A*02:01:01,B*40:01:02,B*51:01:01,C*03:04:01,C*14:02:01,DRB1*13:01:01,DRB1*15:01:01,DQA1*01:02:01,DQA1*01:03:01,DQB1*06:03:01,DQB1*06:02:01,DPA1*01:03:01,DPB1*04:01:01,DMA*01:01:01,DMB*01:03:01,DOA*01:01:04,DOB*01:04:01,DRA*01:02:03,DRA*01:02:02,DRB3*01:14,DRB5*01:11,E*01:01:01,E*01:03:02,F*01:01:01,K*01:02,K*01:01:01,L*01:01:01,L*01:01:02,
SRR5252845_121,A*26:01:01,A*02:01:01,B*40:01:02,B*51:01:01,C*03:04:01,C*14:02:01,DRB1*13:01:01,DRB1*15:01:01,DQA1*01:03:01,DQA1*01:02:01,DQB1*06:03:01,DQB1*06:02:01,DPA1*01:03:01,DPB1*04:01:01,DMA*01:01:01,DMB*01:03:01,DOA*01:01:04,DOB*01:04:01,DRA*01:02:03,DRA*01:02:02,DRB5*01:01:01,E*01:01:01,E*01:03:02,F*01:01:01,K*01:02,K*01:01:01,L*01:01:01,L*01:01:02,
SRR5252845_126,A*26:01:01,A*02:01:01,B*40:01:02,B*51:01:01,C*03:04:01,C*14:02:01,DRB1*13:01:01,DRB1*15:01:01,DQA1*01:02:01,DQA1*01:03:01,DQB1*06:03:01,DQB1*06:02:01,DPA1*01:03:01,DPB1*04:01:01,DMA*01:01:01,DMB*01:03:01,DOA*01:01:04,DOB*01:04:01,DRA*01:02:03,DRA*01:02:02,DRB5*01:01:01,E*01:01:01,E*01:03:02,F*01:01:01,K*01:02,K*01:01:01,L*01:01:01,L*01:01:02,
SRR5252845_36,A*02:06:01,A*26:16,B*40:160:02,B*51:06:01,C*03:32,C*14:02:02,DRB1*13:01:01,DRB1*15:07:02,DQA1*01:03:01,DQA1*01:02:01,DQB1*06:03:01,DQB1*06:02:07,DPA1*01:03:01,DPB1*04:01:01,DMA*01:01:01,DMB*01:03:01,DOB*01:04:01,DRA*01:02:03,DRB3*03:03,DRB3*02:02:01,DRB3*03:03,DRB3*02:10,DRB3*03:03,DRB3*02:11,DRB3*03:03,DRB3*02:05,DRB3*02:06,DRB3*03:03,DRB3*02:03,DRB3*03:03,DRB5*01:11,DRB5*02:03,DRB8*01:01,E*01:01:01,E*01:03:02,F*01:01:01,F*01:04,G*01:01:05,G*01:01:01,G*01:04:03,G*01:01:09,G*01:01:20,H*03:01,H*01:01:01,K*01:02,K*01:01:01,L*01:02,
SRR5252845_41,A*26:16,A*02:01:01,B*40:01:02,B*51:04,C*03:32,C*14:02:02,DRB1*15:10,DRB1*13:01:01,DQA1*01:03:01,DQA1*01:02:01,DQB1*06:03:01,DQB1*06:02:07,DPA1*01:03:01,DPB1*04:01:01,DMA*01:01:01,DMB*01:03:01,DOB*01:04:01,DRA*01:02:03,DRB3*03:03,DRB3*02:10,DRB5*01:11,E*01:01:01,E*01:03:02,F*01:01:01,H*02:02,H*03:01,K*01:02,L*01:02,
SRR5252845_46,A*02:06:09,A*26:16,B*40:49,B*51:151,C*03:32,C*14:02:02,DRB1*13:106,DRB1*15:10,DQA1*01:03:01,DQA1*01:02:01,DQB1*06:03:01,DQB1*06:02:07,DPA1*01:03:01,DPB1*04:01:01,DMA*01:01:01,DMB*01:03:01,DOA*01:01:04,DOB*01:04:01,DRA*01:02:03,DRA*01:02:02,DRB3*01:15,DRB3*03:01:01,DRB5*01:11,DRB5*02:02,DRB5*02:03,DRB5*02:02,E*01:01:01,E*01:03:02,F*01:01:01,K*01:02,K*01:01:01,L*01:01:02,L*01:02,
SRR5252845_51,A*02:01:01,A*26:16,B*40:01:02,B*51:01:01,C*03:04:27,C*14:13,DRB1*15:01:04,DRB1*13:69,DQA1*01:02:01,DQA1*01:03:01,DQB1*06:03:01,DQB1*06:02:07,DPA1*01:03:01,DPB1*04:01:01,DMA*01:01:01,DMB*01:03:01,DOA*01:01:04,DOB*01:04:01,DRA*01:02:03,DRA*01:02:02,DRB3*03:03,DRB3*03:01:01,DRB5*01:11,DRB5*02:03,E*01:01:01,E*01:03:02,F*01:01:01,K*01:02,K*01:01:01,L*01:01:01,L*01:02,L*01:01:02,L*01:02,
SRR5252845_56,A*26:16,A*02:01:01,B*40:01:02,B*51:01:01,C*03:236,C*14:02:01,DRB1*13:69,DRB1*15:01:04,DQA1*01:02:01,DQA1*01:03:01,DQB1*06:03:01,DQB1*06:02:07,DPA1*01:03:01,DPB1*04:01:01,DMA*01:01:01,DMB*01:03:01,DOA*01:01:04,DOB*01:04:01,DRA*01:02:03,DRA*01:02:02,DRB5*02:02,DRB5*01:11,DRB5*01:06,DRB5*01:11,DRB5*02:03,DRB5*02:02,DRB5*02:03,DRB5*01:06,E*01:01:01,E*01:03:02,F*01:01:01,K*01:02,K*01:01:01,L*01:01:01,L*01:02,L*01:01:02,L*01:02,
SRR5252845_61,A*26:16,A*02:01:01,B*40:01:02,B*51:01:01,C*03:236,C*14:02:01,DRB1*15:10,DRB1*13:22,DQA1*01:02:01,DQA1*01:03:01,DQB1*06:03:01,DQB1*06:02:07,DPA1*01:03:01,DPB1*04:01:01,DMA*01:01:01,DMB*01:03:01,DOA*01:01:04,DOB*01:04:01,DRA*01:02:03,DRA*01:02:02,DRB5*01:11,E*01:01:01,E*01:03:02,F*01:01:01,K*01:02,K*01:01:01,L*01:01:01,L*01:02,L*01:01:02,L*01:02,
SRR5252845_66,A*26:16,A*02:01:01,B*40:01:02,B*51:01:01,C*03:236,C*14:02:01,DRB1*15:10,DRB1*13:01:01,DQA1*01:02:01,DQA1*01:03:01,DQB1*06:03:01,DQB1*06:02:01,DPA1*01:03:01,DPB1*04:01:01,DMA*01:01:01,DMB*01:03:01,DOA*01:01:04,DOB*01:04:01,DRA*01:02:03,DRA*01:02:02,DRB5*01:11,E*01:01:01,E*01:03:02,F*01:01:01,K*01:02,L*01:01:01,L*01:02,L*01:01:02,L*01:02,
SRR5252845_71,A*26:16,A*02:01:01,B*40:01:02,B*51:01:01,C*03:04:01,C*14:02:01,DRB1*15:10,DRB1*13:09,DQA1*01:02:01,DQA1*01:03:01,DQB1*06:03:01,DQB1*06:02:01,DPA1*01:03:01,DPB1*04:01:01,DMA*01:01:01,DMB*01:03:01,DOA*01:01:04,DOB*01:04:01,DRA*01:02:03,DRA*01:02:02,DRB5*01:11,E*01:01:01,E*01:03:02,F*01:01:01,K*01:02,K*01:01:01,L*01:01:01,L*01:02,L*01:01:02,L*01:02,
SRR5252845_76,A*26:16,A*02:01:01,B*40:01:02,B*51:01:01,C*03:04:01,C*14:02:01,DRB1*15:10,DRB1*13:09,DQA1*01:02:01,DQA1*01:03:01,DQB1*06:03:01,DQB1*06:02:01,DPA1*01:03:01,DPB1*04:01:01,DMA*01:01:01,DMB*01:03:01,DOA*01:01:04,DOB*01:04:01,DRA*01:02:03,DRA*01:02:02,DRB5*01:11,E*01:01:01,E*01:03:02,F*01:01:01,K*01:02,K*01:01:01,L*01:01:01,L*01:02,L*01:01:02,L*01:02,
SRR5252845_81,A*26:16,A*02:01:01,B*40:01:02,B*51:01:01,C*03:04:01,C*14:02:01,DRB1*15:01:01,DRB1*13:01:01,DQA1*01:02:01,DQA1*01:03:01,DQB1*06:03:01,DQB1*06:02:01,DPA1*01:03:01,DPB1*04:01:01,DMA*01:01:01,DMB*01:03:01,DOA*01:01:04,DOB*01:04:01,DRA*01:02:03,DRA*01:02:02,DRB5*01:11,E*01:01:01,E*01:03:02,F*01:01:01,K*01:02,K*01:01:01,L*01:01:01,L*01:02,L*01:01:02,L*01:02,
SRR5252845_86,A*26:16,A*02:01:01,B*40:01:02,B*51:01:01,C*03:04:01,C*14:02:01,DRB1*15:01:01,DRB1*13:01:01,DQA1*01:02:01,DQA1*01:03:01,DQB1*06:03:01,DQB1*06:02:01,DPA1*01:03:01,DPB1*04:01:01,DMA*01:01:01,DMB*01:03:01,DOA*01:01:04,DOB*01:04:01,DRA*01:02:03,DRA*01:02:02,DRB3*01:14,DRB5*01:01:01,DRB5*01:11,E*01:01:01,E*01:03:02,F*01:01:01,K*01:02,K*01:01:01,L*01:01:01,L*01:02,L*01:01:02,L*01:02,
SRR5252845_91,A*26:16,A*02:01:01,B*40:01:02,B*51:01:01,C*03:04:01,C*14:02:01,DRB1*13:01:01,DRB1*15:01:01,DQA1*01:02:01,DQA1*01:03:01,DQB1*06:03:01,DQB1*06:02:01,DPA1*01:03:01,DPB1*04:01:01,DMA*01:01:01,DMB*01:03:01,DOA*01:01:04,DOB*01:04:01,DRA*01:02:03,DRA*01:02:02,DRB3*01:14,DRB5*01:01:01,DRB5*01:11,E*01:01:01,E*01:03:02,F*01:01:01,K*01:02,K*01:01:01,L*01:01:01,L*01:02,L*01:01:02,L*01:02,
SRR5252845_96,A*26:16,A*02:01:01,B*40:01:02,B*51:01:01,C*03:04:01,C*14:02:01,DRB1*13:01:01,DRB1*15:01:01,DQA1*01:02:01,DQA1*01:03:01,DQB1*06:03:01,DQB1*06:02:01,DPA1*01:03:01,DPB1*04:01:01,DMA*01:01:01,DMB*01:03:01,DOA*01:01:04,DOB*01:04:01,DRA*01:02:03,DRA*01:02:02,DRB3*01:14,DRB5*01:01:01,DRB5*01:11,E*01:01:01,E*01:03:02,F*01:01:01,K*01:02,K*01:01:01,L*01:01:01,L*01:02,L*01:01:02,L*01:02,
SRR5252859_101,A*03:01:01,A*01:01:01,B*35:01:01,B*08:01:01,C*04:01:01,C*07:01:01,DPA1*01:03:01,DPA1*02:01:02,DPB1*01:01:01,DMA*01:01:01,DOB*01:01:03,DOB*01:02:01,DRA*01:01:01,E*01:06,E*01:03:05,F*01:01:03,F*01:03:01,K*01:01:01,K*01:01:01,
SRR5252859_106,A*03:01:01,A*01:01:01,B*08:01:01,B*35:01:01,C*04:01:01,C*07:01:01,DPA1*01:03:01,DPA1*02:01:02,DPB1*01:01:01,DMA*01:01:01,DOB*01:01:03,DOB*01:02:01,DRA*01:01:01,E*01:06,E*01:03:05,F*01:03:01,F*01:01:01,K*01:01:01,K*01:01:01,
SRR5252859_111,A*03:01:01,A*01:01:01,B*08:01:01,B*35:01:01,C*04:01:01,C*07:01:01,DPA1*01:03:01,DPA1*02:01:02,DPB1*01:01:01,DPB1*13:01:01,DMA*01:01:01,DOB*01:01:03,DOB*01:01:01,DRA*01:01:01,DRA*01:02:02,DRA*01:01:01,DRA*01:01:02,E*01:06,E*01:03:05,F*01:03:01,F*01:01:01,F*01:03:01,F*01:01:03,K*01:01:01,K*01:01:01,
SRR5252859_116,A*03:01:01,A*01:01:01,B*08:01:01,B*35:01:01,C*04:01:01,C*07:01:01,DQB1*02:01:01,DPA1*01:03:01,DPA1*02:01:02,DPB1*01:01:01,DPB1*13:01:01,DMA*01:01:01,DOB*01:01:03,DOB*01:01:01,DRA*01:01:01,DRA*01:02:02,DRA*01:01:01,DRA*01:01:02,E*01:06,E*01:03:05,F*01:03:01,F*01:01:01,F*01:03:01,F*01:01:03,K*01:01:01,K*01:01:01,
SRR5252859_121,A*03:01:01,A*01:01:01,B*08:01:01,B*35:01:01,C*04:01:01,C*07:01:01,DQB1*02:01:01,DPA1*01:03:01,DPA1*02:01:02,DPB1*01:01:01,DPB1*13:01:01,DMA*01:01:01,DOB*01:01:03,DOB*01:02:01,DRA*01:01:01,DRA*01:02:02,DRA*01:01:01,DRA*01:01:02,E*01:06,E*01:03:05,F*01:03:01,F*01:01:01,F*01:03:01,F*01:01:03,K*01:01:01,K*01:01:01,
SRR5252859_126,A*03:01:01,A*01:01:01,B*08:01:01,B*35:01:01,C*04:01:01,C*07:01:01,DPA1*01:03:01,DPA1*02:01:02,DPB1*01:01:01,DPB1*13:01:01,DMA*01:01:01,DOB*01:01:03,DOB*01:02:01,DRA*01:01:01,DRA*01:02:02,DRA*01:01:01,DRA*01:01:02,E*01:06,E*01:03:05,F*01:03:01,F*01:01:01,F*01:03:01,F*01:01:03,K*01:01:01,K*01:01:01,
SRR5252859_36,A*03:01:01,A*01:01:21,B*08:01:01,B*35:01:01,C*04:33,C*07:212,DPA1*02:01:02,DPA1*01:06:01,DMA*01:01:01,DOB*01:01:03,DOB*01:04:01,E*01:06,E*01:03:05,F*01:04,F*01:03:01,G*01:17,H*03:01,H*02:02,K*01:01:01,
SRR5252859_41,A*03:01:01,A*01:01:21,B*08:01:01,B*35:01:01,C*04:106,C*07:16,DPA1*02:01:02,DPA1*01:06:01,DMA*01:01:01,DOB*01:02:01,DOB*01:01:03,DOB*01:03,DOB*01:01:03,E*01:06,E*01:03:05,F*01:01:03,F*01:03:01,H*02:02,H*03:01,K*01:01:01,K*01:01:01,K*01:01:01,K*01:01:01,
SRR5252859_46,A*03:01:01,A*01:01:21,B*08:01:01,B*35:01:01,C*04:106,C*07:16,DPA1*01:11,DPA1*01:06:01,DMA*01:01:01,DOB*01:02:01,DOB*01:01:03,E*01:06,E*01:03:05,F*01:01:03,F*01:03:01,K*01:01:01,K*01:01:01,
SRR5252859_51,A*03:01:01,A*01:01:21,B*08:01:01,B*35:01:01,C*04:106,C*07:16,DPA1*01:06:01,DPA1*02:01:02,DPB1*40:01,DMA*01:01:01,DOB*01:02:01,DOB*01:01:03,E*01:06,E*01:03:05,F*01:01:03,F*01:03:01,K*01:01:01,K*01:01:01,
SRR5252859_56,A*03:01:01,A*01:01:21,B*08:01:01,B*35:01:01,C*04:106,C*07:16,DPA1*01:06:01,DPA1*02:01:02,DPB1*40:01,DMA*01:01:01,DOB*01:02:01,DOB*01:01:03,E*01:06,E*01:03:05,F*01:01:03,F*01:03:01,K*01:01:01,
SRR5252859_61,A*03:01:01,A*01:01:01,B*08:01:01,B*35:01:01,C*04:01:01,C*07:16,DPA1*01:03:01,DPA1*02:01:02,DPB1*40:01,DMA*01:01:01,DOB*01:02:01,DOB*01:01:03,E*01:06,E*01:03:05,F*01:01:03,F*01:03:01,K*01:01:01,K*01:01:01,
SRR5252859_66,A*03:01:01,A*01:01:01,B*08:01:01,B*35:01:01,C*04:01:01,C*07:16,DPA1*01:03:01,DPA1*02:01:02,DPB1*40:01,DMA*01:01:01,DOB*01:02:01,DOB*01:01:03,E*01:06,E*01:03:05,F*01:01:03,F*01:03:01,K*01:01:01,K*01:01:01,
SRR5252859_71,A*03:01:01,A*01:01:01,B*08:01:01,B*35:01:01,C*04:01:01,C*07:01:01,DPA1*01:03:01,DPA1*02:01:02,DPB1*13:01:01,DMA*01:01:01,DOB*01:02:01,DOB*01:01:03,E*01:06,E*01:03:05,F*01:01:03,F*01:03:01,K*01:01:01,K*01:01:01,
SRR5252859_76,A*03:01:01,A*01:01:01,B*08:01:01,B*35:01:01,C*04:01:01,C*07:01:01,DPA1*01:03:01,DPA1*02:01:02,DPB1*13:01:01,DMA*01:01:01,DOB*01:02:01,DOB*01:01:03,E*01:06,E*01:03:05,F*01:01:03,F*01:03:01,K*01:01:01,K*01:01:01,
SRR5252859_81,A*03:01:01,A*01:01:01,B*08:01:01,B*35:01:01,C*04:01:01,C*07:01:01,DPA1*01:03:01,DPA1*02:01:02,DPB1*40:01,DMA*01:01:01,DOB*01:02:01,DOB*01:01:03,E*01:06,E*01:03:05,F*01:01:03,F*01:03:01,K*01:01:01,K*01:01:01,
SRR5252859_86,A*03:01:01,A*01:01:01,B*08:01:01,B*35:01:01,C*04:01:01,C*07:01:01,DPA1*01:03:01,DPA1*02:01:02,DPB1*40:01,DMA*01:01:01,DOB*01:01:03,DOB*01:01:01,DRA*01:01:01,E*01:06,E*01:03:05,F*01:01:03,F*01:03:01,K*01:01:01,K*01:01:01,
SRR5252859_91,A*03:01:01,A*01:01:01,B*08:01:01,B*35:01:01,C*04:01:01,C*07:01:01,DPA1*01:03:01,DPA1*02:01:02,DPB1*40:01,DMA*01:01:01,DOB*01:01:03,DOB*01:01:01,DRA*01:01:01,E*01:06,E*01:03:05,F*01:01:03,F*01:03:01,K*01:01:01,K*01:01:01,
SRR5252859_96,A*03:01:01,A*01:01:01,B*35:01:01,B*08:01:01,C*04:01:01,C*07:01:01,DPA1*01:03:01,DPA1*02:01:02,DPB1*40:01,DMA*01:01:01,DOB*01:01:03,DOB*01:01:01,DRA*01:01:01,E*01:06,E*01:03:05,F*01:01:03,F*01:03:01,K*01:01:01,K*01:01:01,
SRR5252860_101,A*03:12,A*01:01:01,B*08:01:01,B*07:02:01,C*07:01:01,C*07:02:01,DRB1*08:11,DQB1*04:02:01,DQB1*03:72,DPA1*01:03:01,DMA*01:01:01,DOB*01:01:01,DOB*01:01:03,DRA*01:02:02,E*01:01:01,E*01:03:02,F*01:03:01,F*01:01:01,
SRR5252860_106,A*03:01:01,A*01:01:01,B*08:01:01,B*07:02:01,C*07:01:01,C*07:02:01,DRB1*08:02:01,DQB1*04:02:01,DPA1*01:03:01,DMA*01:01:01,DOB*01:01:01,DOB*01:01:03,DRA*01:02:02,E*01:01:01,E*01:03:02,F*01:03:01,F*01:01:01,F*01:03:01,F*01:01:03,
SRR5252860_111,A*03:01:01,A*01:01:01,B*08:01:01,B*07:02:01,C*07:01:01,C*07:02:01,DRB1*08:11,DQB1*04:02:01,DPA1*01:03:01,DMA*01:01:01,DOB*01:01:01,DOB*01:01:03,DRA*01:02:02,E*01:01:01,E*01:03:02,F*01:03:01,F*01:01:01,F*01:03:01,F*01:01:03,
SRR5252860_116,A*03:01:01,A*01:01:01,B*08:01:01,B*07:02:01,C*07:01:01,C*07:02:01,DRB1*08:11,DQB1*04:02:01,DPA1*01:03:01,DMA*01:01:01,DMB*01:05,DOB*01:01:01,DOB*01:01:03,DRA*01:02:02,E*01:01:01,E*01:03:02,F*01:03:01,F*01:01:01,F*01:03:01,F*01:01:03,
SRR5252860_121,A*03:01:01,A*01:01:01,B*08:01:01,B*07:02:01,C*07:01:01,C*07:02:01,DRB1*08:11,DQB1*04:02:01,DPA1*01:03:01,DMA*01:01:01,DMB*01:05,DOB*01:01:01,DOB*01:01:03,DRA*01:02:02,E*01:01:01,E*01:03:02,F*01:01:03,F*01:03:01,
SRR5252860_126,A*03:01:01,A*01:01:01,B*08:01:01,B*07:02:01,C*07:01:01,C*07:02:01,DRB1*08:11,DQB1*04:02:01,DPA1*01:03:01,DMA*01:01:01,DMB*01:01:01,DOB*01:01:01,DOB*01:01:03,DRA*01:02:02,E*01:01:01,E*01:03:02,F*01:01:03,F*01:03:01,
SRR5252860_36,A*03:01:01,A*01:43,B*08:94,B*07:29,C*07:16,C*07:307,DPA1*01:03:01,DMA*01:01:01,DOB*01:01:03,DOB*01:01:01,DOB*01:01:03,DOB*01:01:02,DRA*01:02:02,DRA*01:02:03,E*01:01:01,E*01:03:02,F*01:03:01,F*01:04,H*02:02,H*02:02,
SRR5252860_41,A*03:12,A*01:01:26,B*08:94,B*07:29,C*07:16,C*07:307,DQB1*04:02:01,DQB1*02:01:01,DPA1*01:03:01,DMA*01:01:01,DOB*01:01:01,DOB*01:01:03,DOB*01:01:02,DOB*01:01:03,DRA*01:02:02,DRA*01:02:03,E*01:01:01,E*01:03:02,F*01:03:01,F*01:01:01,F*01:03:01,F*01:01:02,F*01:03:01,F*01:02,F*01:03:01,F*01:01:03,H*01:01:01,H*01:02,
SRR5252860_46,A*03:01:01,A*01:43,B*08:01:11,B*07:02:03,C*07:16,C*07:307,DRB1*08:17,DRB1*11:23:01,DRB1*08:45,DQB1*04:02:01,DPA1*01:03:01,DMA*01:01:01,DOB*01:01:01,DOB*01:01:02,DRA*01:02:02,DRA*01:02:03,E*01:01:01,E*01:03:02,F*01:03:01,F*01:01:01,F*01:03:01,F*01:01:02,F*01:03:01,F*01:02,F*01:03:01,F*01:01:03,
SRR5252860_51,A*03:12,A*01:01:26,B*08:01:11,B*07:02:03,C*07:16,C*07:307,DRB1*08:17,DRB1*11:23:01,DRB1*08:45,DQB1*04:02:01,DPA1*01:03:01,DMA*01:01:01,DOB*01:01:01,DOB*01:01:02,DRA*01:02:02,E*01:01:01,E*01:03:02,F*01:03:01,F*01:01:01,F*01:03:01,F*01:01:02,F*01:03:01,F*01:02,F*01:03:01,F*01:01:03,
SRR5252860_56,A*03:12,A*01:01:26,B*08:01:11,B*07:02:03,C*07:16,C*07:307,DRB1*11:23:01,DQB1*04:02:01,DPA1*01:03:01,DMA*01:01:01,DOB*01:01:01,DOB*01:01:02,DRA*01:02:02,E*01:01:01,E*01:03:02,F*01:03:01,F*01:01:01,F*01:03:01,F*01:01:02,F*01:03:01,F*01:02,F*01:03:01,F*01:01:03,
SRR5252860_61,A*03:01:01,A*01:43,B*08:01:11,B*07:02:03,C*07:118,C*07:51,DRB1*08:45,DQB1*04:02:01,DPA1*01:03:01,DMA*01:01:01,DOB*01:01:01,DRA*01:02:02,E*01:01:01,E*01:03:02,F*01:03:01,F*01:01:01,F*01:03:01,F*01:01:02,F*01:03:01,F*01:01:03,
SRR5252860_66,A*03:01:01,A*01:43,B*08:01:11,B*07:02:03,C*07:118,C*07:51,DRB1*08:45,DQB1*04:02:01,DPA1*01:03:01,DMA*01:01:01,DOB*01:01:01,DRA*01:02:02,E*01:01:01,E*01:03:02,F*01:03:01,F*01:01:01,F*01:03:01,F*01:01:02,F*01:03:01,F*01:01:03,
SRR5252860_71,A*03:01:01,A*01:43,B*08:01:11,B*07:02:03,C*07:118,C*07:51,DRB1*08:45,DQB1*04:02:01,DPA1*01:03:01,DMA*01:01:01,DOB*01:01:01,DRA*01:02:02,E*01:01:01,E*01:03:02,F*01:03:01,F*01:01:01,F*01:03:01,F*01:01:02,F*01:03:01,F*01:01:03,
SRR5252860_76,A*03:12,A*01:01:01,B*08:01:11,B*07:02:03,C*07:16,C*07:02:01,DRB1*08:45,DQB1*04:02:01,DPA1*01:03:01,DMA*01:01:01,DOB*01:01:01,DRA*01:02:02,E*01:01:01,E*01:03:02,F*01:03:01,F*01:01:01,F*01:03:01,F*01:01:02,
SRR5252860_81,A*03:12,A*01:01:01,B*08:01:01,B*07:02:01,C*07:16,C*07:02:01,DRB1*08:45,DQB1*04:02:01,DPA1*01:03:01,DMA*01:01:01,DOB*01:01:01,DOB*01:01:03,DRA*01:02:02,E*01:01:01,E*01:03:02,F*01:03:01,F*01:01:01,F*01:03:01,F*01:01:02,
SRR5252860_86,A*03:12,A*01:01:01,B*08:01:01,B*07:02:01,C*07:01:01,C*07:51,DRB1*08:02:01,DRB1*14:42,DRB1*08:02:01,DRB1*13:44,DRB1*08:02:01,DRB1*03:40,DQB1*04:02:01,DPA1*01:03:01,DMA*01:01:01,DOB*01:01:01,DOB*01:01:03,DRA*01:02:02,E*01:01:01,E*01:03:02,F*01:03:01,F*01:01:01,
SRR5252860_91,A*03:01:01,A*01:01:01,B*08:01:01,B*07:02:01,C*07:01:01,C*07:02:01,DRB1*08:02:01,DQB1*04:02:01,DPA1*01:03:01,DMA*01:01:01,DOB*01:01:01,DOB*01:01:03,DRA*01:02:02,E*01:01:01,E*01:03:02,F*01:03:01,F*01:01:01,
SRR5252860_96,A*03:12,A*01:01:01,B*08:01:01,B*07:02:01,C*07:01:01,C*07:02:01,DRB1*08:11,DQB1*04:02:01,DQB1*03:72,DPA1*01:03:01,DMA*01:01:01,DOB*01:01:01,DOB*01:01:03,DRA*01:02:02,E*01:01:01,E*01:03:02,F*01:03:01,F*01:01:01,
