,DRB11,DRB12
SRR13280655,no,no
SRR13280666,DRB1*04:01',DRB1*01:01
SRR13280675,DRB1*04:01',DRB1*14:01'
SRR13280683,DRB1*04:01',DRB1*04:01
SRR5252837,DRB1*01:01,DRB1*13:01'
SRR5252845,DRB1*15:01',DRB1*11:09
SRR5252859,no,no
SRR5252860,DRB1*11:23,DRB1*11:23
ERR188156,DRB1*04:01',DRB1*11:01'
ERR188266,DRB1*13:02',DRB1*15:01
ERR188397,DRB1*08:01',DRB1*15:01
ERR188403,DRB1*11:01',DRB1*07:01
SRR13280655,no,no
SRR13280666,DRB1*04:01',DRB1*01:01
SRR13280675,DRB1*04:01',DRB1*14:01'
SRR13280683,DRB1*04:01',DRB1*04:01
SRR5252837,DRB1*01:01,DRB1*13:01'
SRR5252845,DRB1*15:01',DRB1*11:09
SRR5252859,no,no
SRR5252860,DRB1*11:23,DRB1*11:23
