Run,A,A.1,B,B.1,C,C.1,DRB1,DRB1.1,DQB1,DQB1.1
ERR188397,A*02:01/A*02:09/A*02:43/A*02:66/A*02:75/A*02:83/A*02:89/A*02:97/A*02:13/A*02:14,A*03:01/A*03:20/A*03:21/A*03:26/A*03:37/A*03:45,B*27:05/B*27:13,B*47:01:00,C*02:02,C*06:02,DRB1*15:01,DRB1*08:01,DQB1*04:02,DQB1*06:02
ERR188156,A*01:01/A*01:04/A*01:22/A*01:32/A*01:34/A*01:37,A*02:01/A*02:09/A*02:43/A*02:66/A*02:75/A*02:83/A*02:89/A*02:97/A*02:13/A*02:14,B*15:01/B*15:10/B*15:14,B*27:05/B*27:13,C*02:02,C*04:01/C*04:09/C*04:28/C*04:30/C*04:41,DRB1*11:01,DRB1*04:01,DQB1*03:02,DQB1*03:01/DQB1*03:09/DQB1*03:19/DQB1*03:21/DQB1*03:22/DQB1*03:24
ERR188266,A*02:01/A*02:09/A*02:43/A*02:66/A*02:75/A*02:83/A*02:89/A*02:97/A*02:13/A*02:14,A*03:01/A*03:20/A*03:21/A*03:26/A*03:37/A*03:45,B*07:02/B*07:44/B*07:49/B*07:58/B*07:59/B*07:61,B*40:01/B*40:55,C*03:04,C*07:02/C*07:50/C*07:66/C*07:74,DRB1*15:01,DRB1*13:02,DQB1*06:02,DQB1*06:04/DQB1*06:34
ERR188403,A*01:01/A*01:04/A*01:22/A*01:32/A*01:34/A*01:37,A*03:01/A*03:20/A*03:21/A*03:26/A*03:37/A*03:45,B*37:01:00,B*57:01:00,C*06:02,C*06:02,DRB1*11:01,DRB1*07:01,DQB1*03:03,DQB1*03:01/DQB1*03:09/DQB1*03:19/DQB1*03:21/DQB1*03:22/DQB1*03:24
SRR13280666,,,,,,,DRB1*01:01,DRB1*04:01,,
SRR13280675,,,,,,,DRB1*04:01,DRB1*14:01,,
SRR13280683,,,,,,,DRB1*01:01,DRB1*04:01,,
SRR5252837,,,,,,,DRB1*13:01,DRB1*01:01,,
SRR5252845,,,,,,,DRB1*13:01,DRB1*15:01,,
SRR5252859,,,,,,,DRB1*01:01,DRB1*03:01,,
SRR5252860,,,,,,,DRB1*03:01,DRB1*08:01,,