ERR,A,A.1,B,B.1,C,C.1
ERR188156,A*02:01,A*01:01,B*27:05,B*15:01,C*02:02,C*04:01
ERR188266,A*03:01,A*02:01,B*40:01,B*07:02,C*07:02,C*03:04
ERR188397,A*03:01,A*02:01,B*27:05,B*47:01,C*02:02,C*06:02
ERR188403,A*03:01,A*01:01,B*57:01,B*37:01,C*06:02,C*06:02
SRR13280666,A*03:01,A*02:01,B*35:01,B*44:02,C*05:01,C*04:01
SRR13280675,A*03:01,A*02:01,B*15:01,B*07:02,C*07:02,C*03:03
SRR13280683,A*02:01,A*02:01,B*57:01,B*15:01,C*03:04,C*06:02
SRR5252837,A*11:01,A*02:01,B*27:05,B*18:01,C*07:01,C*01:02
SRR5252845,A*02:01,A*26:01,B*40:01,B*51:01,C*03:04,C*14:02
SRR5252859,A*03:01,A*01:01,B*08:01,B*35:01,C*07:01,C*04:01
SRR5252860,A*03:12,A*01:01,B*07:02,B*08:01,C*07:01,C*07:17
