,A,A.1,B,B.1,C,C.1,DQA1,DQA1.1,DQB1,DQB1.1,DRB1,DRB1.1,Unnamed: 13,Unnamed: 14
SRR13280655,A*02:01,A*03:01, B*40:21,B*46:01:01, C*03:04:01,C*03:04:01, DQA1*03:01:01,DQA1*05:01:01, DQB1*02:01:01,DQB1*03:02:01, DRB1*03:01:01,DRB1*04:01:01, ,
SRR13280655,A*02:01,A*03:01, B*40:21,B*46:01:01, C*03:04:01,C*03:04:01, DQA1*03:01:01,DQA1*05:01:01, DQB1*02:01:01,DQB1*03:02:01, DRB1*03:01:01,DRB1*04:01:01, ,
SRR13280666,A*02:01,A*03:01, B*35:01,B*44:02, C*04:01:01,C*05:01:01, DQA1*01:01:01,DQA1*03:03:01, DQB1*03:01:01,DQB1*05:01:01, DRB1*01:01:01,DRB1*04:01:01, ,
SRR13280666,A*02:01,A*03:01, B*35:01,B*44:02, C*04:01:01,C*05:01:01, DQA1*01:01:01,DQA1*03:03:01, DQB1*03:01:01,DQB1*05:01:01, DRB1*01:01:01,DRB1*04:01:01, ,
SRR13280675,A*02:01,A*03:01, B*07:02:01,B*15:01:01, C*03:03,C*07:02, DQA1*01:07,DQA1*03:01:01, DQB1*03:02:01,DQB1*05:03:01, DRB1*04:01:01,DRB1*14:54:01, ,
SRR13280675,A*02:01,A*03:01, B*07:02:01,B*15:01:01, C*03:03,C*07:02, DQA1*01:07,DQA1*03:01:01, DQB1*03:02:01,DQB1*05:03:01, DRB1*04:01:01,DRB1*14:54:01, ,
SRR13280683,A*02:01:01,A*02:01:01, B*15:01:01,B*57:01:01, C*03:04:01,C*06:02:01, DQA1*03:01:01,DQA1*03:03:01, DQB1*03:01:01,DQB1*03:02:01, DRB1*04:01:01,DRB1*04:01:01, ,
SRR13280683,A*02:01:01,A*02:01:01, B*15:01:01,B*57:01:01, C*03:04:01,C*06:02:01, DQA1*03:01:01,DQA1*03:03:01, DQB1*03:01:01,DQB1*03:02:01, DRB1*04:01:01,DRB1*04:01:01, ,
SRR5252837,A*02:01,A*11:01, B*18:01:01,B*27:05, C*01:02:01,C*07:01:01, DQA1*01:03:01,DQA1*01:03:01, DQB1*05:01,DQB1*05:03:04, ,,,
SRR5252837,A*02:01,A*11:01, B*18:01:01,B*27:05, C*01:02:01,C*07:01:01, DQA1*01:03:01,DQA1*01:03:01, DQB1*05:01,DQB1*05:03:04, ,,,
SRR5252845,A*02:01,A*26:01, B*40:01,B*51:01, C*03:04:01,C*14:02:01, DQB1*06:03:01,DQB1*06:03:01, DRB1*12:06,DRB1*12:06, ,,,
SRR5252845,A*02:01,A*26:01, B*40:01,B*51:01, C*03:04:01,C*14:02:01, DQB1*06:03:01,DQB1*06:03:01, DRB1*12:06,DRB1*12:06, ,,,
SRR5252859,A*01:01:01,A*03:01:01, B*08:01:01,B*56:05:01, C*04:01,C*07:01, DRB1*01:01,DRB1*01:01, ,,,,,
SRR5252859,A*01:01:01,A*03:01:01, B*08:01:01,B*56:05:01, C*04:01,C*07:01, DRB1*01:01,DRB1*01:01, ,,,,,
SRR5252860,A*03:01:01,A*03:01:01, B*07:02,B*08:01, C*07:01,C*07:01, DQB1*03:03:02,DQB1*03:03:02, ,,,,,
SRR5252860,A*03:01:01,A*03:01:01, B*07:02,B*08:01, C*07:01,C*07:01, DQB1*03:03:02,DQB1*03:03:02, ,,,,,
