ERR,A,A.1,B,B.1,C,C.1,DRB1,DRB1.1,DPB1,DPB1.1
ERR188156,A*02:01,A*01:01,B*27:05,B*15:01,C*04:03,C*04:03,DRB1*04:01,DRB1*11:01,DPB1*02:01,DPB1*02:01
ERR188266,A*02:01,A*03:01,B*81:02,B*40:16,C*03:04,C*07:02,DRB1*15:01,DRB1*13:02,DPB1*104:01,DPB1*04:01
ERR188397,A*02:01,A*03:01,B*27:05,B*47:06,C*06:20,C*06:20,DRB1*08:01,DRB1*15:01,DPB1*03:01,DPB1*464:01
ERR188403,A*03:01,A*03:01,B*37:01,B*57:03,C*06:02,C*06:02,DRB1*11:01,DRB1*07:01,DPB1*10:01,DPB1*105:01
SRR13280666,A*02:01,A*03:01,B*35:01,B*44:02,C*04:01,C*05:01,DRB1*01:01,DRB1*04:01,DPB1*104:01,DPB1*04:01
SRR13280675,A*02:01,A*03:01,B*07:02,B*15:01,C*03:03,C*07:02,DRB1*04:01,DRB1*04:01,DPB1*04:01,DPB1*04:01
SRR13280683,A*02:01,A*02:01,B*15:12,B*15:12,C*06:02,C*06:02,DRB1*04:01,DRB1*04:01,DPB1*104:01,DPB1*02:01
SRR5252837,A*02:01,A*11:01,B*27:05,B*18:01,C*01:02,C*07:01,DRB1*01:02,DRB1*01:02,DPB1*04:01,DPB1*532:01
SRR5252845,A*26:01,A*02:01,B*40:01,B*51:01,C*03:04,C*03:04,DRB1*15:01,DRB1*13:01,DPB1*39:01,DPB1*336:01
SRR5252859,A*03:01,A*03:01,B*08:01,B*35:01,C*04:01,C*07:01,no,no,DPB1*99:01,DPB1*104:01
SRR5252860,A*03:01,A*03:01,B*08:01,B*07:02,C*07:01,C*17:01,no,no,DPB1*97:01,DPB1*426:01
