ERR,A,A.1,B,B.1,C,C.1,DRB1,DRB1.1,DQB1,DQB1.1
SRR13280666,A*03:01,A*02:01,B*35:01,B*44:02',C*04:01,C*05:01,DRB1*04:08',DRB1*01:01,DQB1*05:01,DQB1*03:09'
SRR13280675,A*03:01,A*02:01,B*07:02,B*15:01',C*03:03,C*07:02,DRB1*04:01',DRB1*14:01',DQB1*05:03,DQB1*03:03
SRR13280683,A*02:01',A*02:01,B*15:01',B*15:01,C*06:02,C*03:08',DRB1*04:01',DRB1*04:01,DQB1*03:03,DQB1*03:03
SRR5252837,A*02:01',A*11:01,B*18:01,B*27:05,C*01:02,C*07:01',DRB1*01:01,DRB1*13:01,DQB1*06:13',DQB1*05:01'
SRR5252845,A*26:01,A*02:06',B*40:01',B*51:01,C*03:04',C*14:02,DRB1*15:01',DRB1*11:09,DQB1*06:11',DQB1*06:11
SRR5252859,A*03:01,A*01:01,B*08:01,B*35:01,C*04:01,C*07:01',no,no,no,no
SRR5252860,A*03:01,A*03:01,B*08:01,B*07:02',C*07:01',C*07:01,DRB1*11:23,DRB1*11:23,DQB1*04:01',DQB1*04:01
ERR188156,A*01:01,A*02:01,B*27:05,B*15:01,C*04:01,C*02:02,DRB1*04:01',DRB1*11:01',DQB1*03:04',DQB1*03:04
ERR188397,A*03:01,A*02:01,B*27:05,B*47:06,C*02:02,C*06:02,DRB1*08:01',DRB1*15:01,DQB1*06:02,DQB1*06:02
ERR188403,A*03:01,A*01:01,B*37:01,B*57:01,C*06:02,C*06:02,DRB1*11:01',DRB1*07:01,DQB1*03:01,DQB1*03:01
ERR188266,A*03:01,A*02:01,B*81:01,B*07:02,C*03:04,C*07:02,DRB1*13:02',DRB1*15:01,DQB1*06:13',DQB1*06:13
