ERR,A,A.1,B,B.1,C,C.1,DQA1,DQA1.1,DQB1,DQB1.1,DRB1,DRB1.1
SRR13280655, A*02:74:01, A*03:01:11, B*08:01:01, B*08:01:01, C*03:02:04, C*03:04:05, DQA1*03:01:01, DQA1*05:01:01:01, DQB1*02:01:01, DQB1*03:02:01, DRB1*03:01:01:01, DRB1*04:01:01
SRR13280656, A*02:329, A*32:54, B*08:29, B*44:02:25, C*05:37, C*07:01:01:01, DQA1*03:01:01, DQA1*05:01:01:01, DQB1*02:01:01, DQB1*03:02:01, DRB1*03:01:01:01, DRB1*04:21
SRR13280657, A*01:37, A*03:12, B*07:02:07, B*08:01:01, C*07:01:04, C*07:02:01:01, DQA1*01:02:01:01, DQA1*05:01:01:01, DQB1*02:01:01, DQB1*06:02:01, DRB1*03:01:01:01, DRB1*15:01:17
SRR13280658, A*02:01:11, A*11:126, B*08:01:01, B*08:01:01, C*03:04:01:01, C*07:02:01:01, DQA1*01:01:01, DQA1*03:03:01, DQB1*03:01:05, DQB1*05:01:01:01, DRB1*01:01:01, DRB1*04:151
SRR13280659, A*01:01:60, A*02:158, B*08:01:01, B*08:01:01, C*07:01:01:01, C*14:02:11, DQA1*01:03:01:01, DQA1*05:01:01:01, DQB1*02:01:01, DQB1*06:03:01, DRB1*03:78, DRB1*13:01:01
SRR13280660, A*02:161, A*23:54, B*44:03:04, B*45:04, C*04:153, C*08:45, DQA1*02:01, DQA1*03:01:01, DQB1*02:02:01, DQB1*03:02:01, DRB1*04:21, DRB1*07:01:01:01
SRR13280661, A*02:261, A*11:149, B*13:02:12, B*15:38:01, C*03:03:01, C*06:116N, DQA1*02:01, DQA1*03:01:01, DQB1*02:02:01, DQB1*03:02:01, DRB1*04:01:01, DRB1*07:01:01:01
SRR13280662, A*02:01:101, A*74:15, B*08:01:01, B*08:01:01, C*01:02:01, C*07:166, DQA1*03:03:01, DQA1*05:01:01:01, DQB1*02:01:01, DQB1*03:01:01:01, DRB1*03:01:01:01, DRB1*04:01:01
SRR13280663, A*01:43, A*68:71, B*13:08, B*44:02:19, C*05:01:01:01, C*08:01:02, DQA1*01:02:01:01, DQA1*05:01:01:01, DQB1*02:01:01, DQB1*06:02:01, DRB1*03:01:01:01, DRB1*15:01:17
SRR13280664, A*01:81, A*02:01:01:01, B*40:47, B*44:09, C*03:211:01, C*05:01:01:01, DQA1*01:04:01:01, DQA1*03:01:01, DQB1*03:02:01, DQB1*05:03:01:01, DRB1*04:21, DRB1*14:01:01
SRR13280665, A*01:143, A*31:21, B*08:109, B*18:01:01:01, C*07:01:01:01, C*07:01:01:01, DQA1*01:02:01:01, DQA1*05:01:01:01, DQB1*02:01:01, DQB1*06:02:01, DRB1*03:01:01:01, DRB1*15:01:17
SRR13280666, A*02:01:01:01, A*03:01:07, B*35:01:27, B*44:02:23, C*04:01:01:01, C*05:53, DQA1*01:01:01, DQA1*03:03:01, DQB1*03:01:01:01, DQB1*05:01:01:01, DRB1*01:01:01, DRB1*04:01:01
SRR13280667, A*01:142, A*02:329, B*08:115, B*27:21, C*02:02:03, C*07:02:19, DQA1*03:03:01, DQA1*05:01:01:01, DQB1*02:01:01, DQB1*03:02:01, DRB1*03:01:01:01, DRB1*04:01:01
SRR13280668, A*01:01:34, A*01:01:62, B*08:01:01, B*08:01:01, C*07:02:19, C*16:01:11, DQA1*01:02:01:01, DQA1*05:01:01:01, DQB1*02:01:01, DQB1*06:02:01, DRB1*03:01:01:01, DRB1*15:01:17
SRR13280669, A*01:142, A*02:329, B*08:01:01, B*08:01:01, C*03:39, C*07:96:01, DQA1*01:03:01:01, DQA1*05:01:01:01, DQB1*02:01:01, DQB1*06:03:01, DRB1*03:01:01:01, DRB1*13:01:01
SRR13280670, A*01:01:64, A*31:66, B*08:01:01, B*08:01:01, C*03:130, C*07:210, DQA1*03:01:01, DQA1*05:01:01:01, DQB1*02:01:01, DQB1*03:02:01, DRB1*03:01:08, DRB1*04:01:01
SRR13280671, A*01:01:37, A*03:01:41, B*08:92, B*18:68, C*02:87, C*07:78, DQA1*01:03:01:01, DQA1*05:01:01:01, DQB1*02:01:01, DQB1*06:03:01, DRB1*03:01:01:01, DRB1*13:117
SRR13280672, A*01:81, A*02:329, B*07:220, B*08:01:04, C*07:02:19, C*07:128, DQA1*01:03:01:01, DQA1*05:01:01:01, DQB1*02:01:01, DQB1*06:03:01, DRB1*03:01:01:01, DRB1*13:01:01
SRR13280673, A*02:01:08, A*31:01:02, B*27:05:02, B*40:01:05, C*01:02:02, C*03:04:04, DQA1*03:01:01, DQA1*03:01:01, DQB1*03:02:01, DQB1*03:02:02, DRB1*04:01:01, DRB1*04:04:01
SRR13280674, A*02:01:112, A*02:335, B*08:01:01, B*08:01:01, C*07:01:15, C*07:02:10, DQA1*01:03:01:01, DQA1*05:01:01:01, DQB1*02:01:01, DQB1*06:03:01, DRB1*03:01:01:01, DRB1*13:01:01
SRR13280675, A*02:379, A*03:01:41, B*08:01:01, B*08:01:01, C*04:09N, C*04:09N, DQA1*01:07, DQA1*03:01:01, DQB1*03:02:01, DQB1*05:03:01:01, DRB1*04:01:01, DRB1*14:01:01
SRR13280676, A*02:261, A*02:54, B*27:103, B*39:72, C*02:43, C*16:30N, DQA1*03:03:01, DQA1*03:03:01, DQB1*03:02:01, DQB1*03:33, DRB1*04:01:01, DRB1*09:01:02
SRR13280677, A*01:01:01:01, A*01:01:01:01, B*08:01:01, B*08:01:01, C*02:02:28, C*07:02:10, DQA1*03:03:01, DQA1*05:01:01:01, DQB1*02:01:01, DQB1*03:02:01, DRB1*03:01:01:01, DRB1*04:01:01
SRR13280678, A*02:331, A*02:432, B*08:01:01, B*08:01:01, C*03:180, C*05:01:01:01, DQA1*01:01:01, DQA1*03:03:01, DQB1*03:01:01:01, DQB1*05:01:01:01, DRB1*04:01:01, DRB1*08:04:02
SRR13280679, A*03:01:41, A*11:01:01, B*08:01:01, B*08:01:01, C*04:09N, C*04:09N, DQA1*01:03:01:01, DQA1*05:01:01:01, DQB1*02:01:01, DQB1*06:03:01, DRB1*03:20, DRB1*13:01:01
SRR13280680, A*02:01:01:01, A*03:01:07, B*13:02:01, B*27:46, C*01:02:01, C*06:02:01:01, DQA1*02:01, DQA1*03:02, DQB1*02:02:01, DQB1*03:01:01:01, DRB1*04:08:01, DRB1*07:01:01:01
SRR13280681, A*01:45, A*24:79, B*08:01:01, B*27:05:04, C*02:02:02:01, C*07:01:01:01, DQA1*01:02:01:01, DQA1*05:01:01:01, DQB1*02:01:02, DQB1*06:02:01, DRB1*03:01:01:01, DRB1*15:01:01:01
SRR13280682, A*01:142, A*03:01:01:02N, B*15:37, B*42:05:02, C*07:01:01:01, C*07:02:19, DQA1*01:02:01:01, DQA1*05:01:01:01, DQB1*02:01:01, DQB1*06:02:01, DRB1*03:01:01:01, DRB1*15:01:17
SRR13280683, A*02:01:99, A*02:01:99, B*15:175, B*57:01:06, C*03:04:01:01, C*06:02:01:01, DQA1*03:03:01, DQA1*03:03:01, DQB1*03:01:01:01, DQB1*03:02:01, DRB1*04:01:01, DRB1*04:01:02
SRR13280684, A*02:261, A*03:01:41, B*08:01:01, B*08:01:01, C*03:184, C*03:37:02, DQA1*03:01:01, DQA1*05:01:01:01, DQB1*02:01:01, DQB1*03:02:01, DRB1*03:01:01:01, DRB1*04:20
SRR13280685, A*01:01:01:01, A*01:01:01:01, B*08:01:01, B*08:01:01, C*03:04:01:01, C*07:02:01:01, DQA1*01:01:01, DQA1*03:03:01, DQB1*03:01:01:01, DQB1*05:01:01:01, DRB1*01:50, DRB1*04:01:01
SRR13280686, A*02:01:47, A*11:19, B*08:01:01, B*08:01:01, C*07:16, C*14:13, DQA1*01:03:01:01, DQA1*05:01:01:01, DQB1*02:01:01, DQB1*06:03:01, DRB1*03:01:01:01, DRB1*13:01:01
SRR13280687, A*02:01:112, A*23:25, B*44:02:23, B*44:03:07, C*04:09N, C*05:01:01:01, DQA1*02:01, DQA1*03:01:01, DQB1*02:02:01, DQB1*03:02:01, DRB1*04:01:01, DRB1*07:01:01:01
SRR13280688, A*02:01:01:01, A*02:01:01:01, B*08:01:01, B*08:01:01, C*03:04:17, C*08:02:01:01, DQA1*03:01:01, DQA1*05:05:01:01, DQB1*03:01:01:01, DQB1*03:02:01, DRB1*04:01:01, DRB1*08:04:02
SRR13280689, A*02:33, A*02:53N, B*13:18, B*15:01:12, C*03:03:01, C*06:02:01:01, DQA1*02:01, DQA1*03:01:01, DQB1*02:02:01, DQB1*03:02:01, DRB1*04:01:01, DRB1*07:01:01:01
SRR13280690, A*02:06:05, A*02:261, B*08:01:01, B*08:01:01, C*01:58, C*07:01:01:01, DQA1*03:03:01, DQA1*05:01:01:01, DQB1*02:01:01, DQB1*03:01:01:01, DRB1*03:01:08, DRB1*04:01:01
SRR13280691, A*01:01:51, A*68:01:01:01, B*44:27:01, B*44:27:01, C*05:25, C*08:10, DQA1*01:02:01:01, DQA1*05:01:01:01, DQB1*02:01:01, DQB1*06:02:01, DRB1*03:01:01:01, DRB1*15:01:01:01
SRR13280692, A*01:142, A*02:01:11, B*40:02:15, B*44:195N, C*03:04:01:01, C*05:01:01:01, DQA1*01:04:01:01, DQA1*03:01:01, DQB1*03:02:01, DQB1*05:03:01:01, DRB1*04:21, DRB1*14:01:01
SRR13280693, A*01:142, A*24:155N, B*08:01:16, B*51:42, C*07:128, C*14:02:01, DQA1*01:03:01:01, DQA1*05:01:01:01, DQB1*02:01:01, DQB1*06:03:01, DRB1*03:01:01:01, DRB1*13:01:01
SRR13280694, A*01:01:51, A*31:01:02, B*08:01:16, B*18:11, C*07:01:01:01, C*07:02:42, DQA1*01:02:01:01, DQA1*05:01:01:01, DQB1*02:01:01, DQB1*06:02:01, DRB1*03:01:01:01, DRB1*15:01:01:01
SRR13280695, A*02:01:01:01, A*03:118, B*35:01:03, B*44:02:01:01, C*04:01:01:01, C*05:01:01:01, DQA1*01:01:01, DQA1*03:03:01, DQB1*03:01:01:01, DQB1*05:01:01:01, DRB1*01:01:01, DRB1*04:01:01
SRR13280696, A*01:04N, A*02:329, B*08:01:14, B*27:110, C*02:02:02:01, C*07:01:01:01, DQA1*03:03:01, DQA1*05:01:01:01, DQB1*02:01:01, DQB1*03:02:01, DRB1*03:01:01:01, DRB1*04:01:01
SRR13280697, A*01:01:08, A*80:01:01:01, B*08:01:01, B*08:01:01, C*07:292, C*07:76:02, DQA1*01:02:01:01, DQA1*05:01:01:01, DQB1*02:01:01, DQB1*06:02:01, DRB1*03:01:01:01, DRB1*15:01:01:01
SRR13280698, A*01:81, A*02:01:01:01, B*08:01:01, B*08:01:01, C*03:39, C*07:96:01, DQA1*01:03:01:01, DQA1*05:01:01:01, DQB1*02:01:01, DQB1*06:03:01, DRB1*03:07, DRB1*13:27
SRR13280699, A*01:01:01:01, A*03:01:01:02N, B*08:121, B*15:311, C*03:04:01:01, C*07:01:01:01, DQA1*03:01:01, DQA1*05:01:01:01, DQB1*02:01:01, DQB1*03:02:01, DRB1*03:01:01:01, DRB1*04:01:01
SRR13280700, A*01:01:51, A*03:01:01:01, B*08:01:01, B*08:01:01, C*07:01:10, C*07:01:10, DQA1*01:03:01:01, DQA1*05:01:01:01, DQB1*06:02:02, DQB1*06:03:10, DRB1*03:01:01:01, DRB1*13:01:01
SRR13280701, A*01:32, A*02:01:01:01, B*07:02:01, B*08:01:01, C*07:01:04, C*07:02:01:01, DQA1*01:03:01:01, DQA1*05:01:01:01, DQB1*02:01:01, DQB1*06:03:01, DRB1*03:07, DRB1*13:27
SRR13280702, A*02:158, A*02:16, B*07:02:02, B*14:02:05, C*07:19, C*07:27:01, DQA1*01:03:01:01, DQA1*05:01:01:01, DQB1*02:01:01, DQB1*06:03:01, DRB1*03:01:01:01, DRB1*13:01:01
SRR13280703, A*02:01:03, A*02:06:03, B*27:05:02, B*39:01:01:01, C*02:02:02:01, C*12:03:01:01, DQA1*03:03:01, DQA1*03:03:01, DQB1*03:02:01, DQB1*03:02:01, DRB1*04:01:01, DRB1*09:01:03
SRR13280704, A*02:01:07, A*02:431, B*15:191, B*44:195N, C*03:04:01:01, C*05:01:01:01, DQA1*01:01:01, DQA1*03:03:01, DQB1*03:01:01:01, DQB1*05:01:01:01, DRB1*01:01:01, DRB1*04:01:01
SRR13280705, A*01:01:01:01, A*01:01:01:01, B*08:01:01, B*08:01:01, C*04:09N, C*04:09N, DQA1*01:03:01:01, DQA1*05:01:01:01, DQB1*02:01:01, DQB1*06:03:01, DRB1*03:07, DRB1*13:27
SRR13280706, A*02:01:112, A*03:01:13, B*13:02:12, B*27:05:02, C*04:09N, C*04:09N, DQA1*02:01, DQA1*03:02, DQB1*02:02:01, DQB1*03:01:01:01, DRB1*04:08:01, DRB1*07:01:01:01
SRR13280707, A*01:01:64, A*24:100, B*08:110, B*27:28, C*02:75, C*07:01:01:01, DQA1*01:02:01:01, DQA1*05:01:01:01, DQB1*06:84, DQB1*06:84, DRB1*03:01:01:01, DRB1*15:01:01:01
SRR13280708, A*01:01:01:01, A*03:26, B*07:02:01, B*08:01:01, C*07:19, C*07:27:01, DQA1*01:02:01:01, DQA1*05:01:01:01, DQB1*06:02:01, DQB1*06:02:01, DRB1*03:01:01:01, DRB1*15:01:01:01
SRR13280709, A*02:127, A*02:261, B*15:180, B*57:01:06, C*03:32, C*06:33, DQA1*03:01:01, DQA1*03:01:01, DQB1*03:01:01:01, DQB1*03:02:01, DRB1*04:01:01, DRB1*08:04:02
SRR13280710, A*02:01:112, A*03:146, B*08:01:01, B*08:01:01, C*03:127, C*03:264, DQA1*03:01:01, DQA1*05:01:01:01, DQB1*03:01:01:01, DQB1*03:02:08, DRB1*03:01:01:01, DRB1*04:01:01
SRR13280711, A*01:07, A*03:01:41, B*08:01:01, B*08:01:01, C*07:02:19, C*15:05:07, DQA1*01:02:01:01, DQA1*05:01:01:01, DQB1*06:02:01, DQB1*06:02:01, DRB1*03:01:01:01, DRB1*15:01:01:01
SRR13280712, A*01:01:54, A*30:11:01, B*08:01:01, B*08:01:01, C*07:249, C*18:09, DQA1*01:02:01:01, DQA1*05:01:01:01, DQB1*02:01:01, DQB1*06:02:01, DRB1*03:01:01:01, DRB1*15:01:01:01
SRR13280713, A*02:01:112, A*11:01:44, B*08:01:01, B*08:01:01, C*03:04:07, C*07:02:19, DQA1*01:01:01, DQA1*03:03:01, DQB1*03:01:01:01, DQB1*03:01:01:01, DRB1*01:01:01, DRB1*04:01:01
SRR13280714, A*02:07:06, A*23:01:03, B*44:159, B*45:01:01, C*04:56, C*05:01:01:01, DQA1*02:01, DQA1*03:01:01, DQB1*02:02:01, DQB1*03:02:01, DRB1*04:01:01, DRB1*07:01:01:01
SRR13280715, A*02:01:47, A*68:86, B*14:01:05, B*15:296, C*03:04:17, C*08:02:01:01, DQA1*03:01:01, DQA1*05:05:01:01, DQB1*03:01:01:01, DQB1*03:02:01, DRB1*04:01:01, DRB1*13:03:01
SRR13280716, A*01:81, A*02:01:01:01, B*40:15, B*44:90, C*03:101, C*05:01:01:01, DQA1*01:04:01:01, DQA1*03:01:01, DQB1*03:02:01, DQB1*05:03:01:01, DRB1*04:01:01, DRB1*14:54:01
SRR13280717, A*02:261, A*03:01:41, B*35:01:27, B*44:195N, C*04:171, C*05:25, DQA1*01:01:01, DQA1*03:03:01, DQB1*03:01:01:01, DQB1*03:01:01:01, DRB1*01:01:01, DRB1*04:01:01
SRR13280718, A*01:33, A*02:247, B*08:110, B*27:05:24, C*02:20, C*07:103, DQA1*03:01:01, DQA1*05:02, DQB1*02:01:01, DQB1*03:02:01, DRB1*03:01:01:01, DRB1*04:01:01
SRR13280719, A*01:01:01:01, A*01:01:01:01, B*08:01:01, B*08:01:01, C*04:09N, C*04:09N, DQA1*01:03:01:01, DQA1*05:01:01:01, DQB1*02:01:01, DQB1*06:03:01, DRB1*03:07, DRB1*13:27
SRR13280720, A*01:142, A*03:01:01:02N, B*08:01:04, B*08:01:09, C*07:01:15, C*07:94, DQA1*01:03:01:01, DQA1*05:01:01:01, DQB1*02:01:01, DQB1*06:03:01, DRB1*03:01:01:01, DRB1*13:01:01
SRR13280721, A*02:329, A*31:01:02, B*27:05:19, B*40:01:23, C*01:02:02, C*03:04:01:01, DQA1*03:01:01, DQA1*03:01:01, DQB1*03:02:01, DQB1*03:02:01, DRB1*04:01:05, DRB1*04:04:01
SRR13280722, A*02:32N, A*02:479, B*40:15, B*42:15, C*07:39, C*07:94, DQA1*01:03:01:01, DQA1*05:01:01:01, DQB1*02:01:01, DQB1*06:03:01, DRB1*03:07, DRB1*13:27
SRR13280723, A*02:06:02, A*02:304, B*08:01:01, B*08:01:01, C*02:02:25, C*12:03:07, DQA1*03:02, DQA1*03:02, DQB1*03:02:09, DQB1*03:03:02:01, DRB1*04:01:01, DRB1*04:01:01
SRR13280724, A*01:01:01:01, A*01:01:01:01, B*08:01:01, B*08:01:01, C*04:09N, C*04:09N, DQA1*03:01:01, DQA1*05:01:01:01, DQB1*03:02:09, DQB1*03:02:09, DRB1*03:01:01:01, DRB1*04:01:01
SRR13280725, A*02:432, A*02:532, B*15:180, B*44:114, C*03:04:01:01, C*05:01:01:01, DQA1*01:01:01, DQA1*03:03:01, DQB1*03:01:01:01, DQB1*05:01:01:01, DRB1*01:01:01, DRB1*04:01:01
SRR13280726, A*01:01:01:01, A*01:01:01:01, B*08:01:01, B*08:01:01, C*04:09N, C*04:09N, DQA1*01:03:01:01, DQA1*05:01:01:01, DQB1*06:03:01, DQB1*06:03:02, DRB1*03:01:01:01, DRB1*13:01:01
SRR13280727, A*02:01:112, A*03:01:41, B*27:37, B*49:02, C*01:59, C*16:55, DQA1*02:01, DQA1*03:01:01, DQB1*02:02:01, DQB1*03:01:01:01, DRB1*04:08:01, DRB1*07:01:01:01
SRR13280728, A*01:01:62, A*23:40, B*08:01:01, B*08:01:01, C*02:55, C*07:247, DQA1*01:02:01:01, DQA1*06:01:02, DQB1*06:02:01, DQB1*06:02:02, DRB1*03:01:01:01, DRB1*15:01:01:01
SRR13280729, A*01:07, A*03:01:43, B*08:01:01, B*08:01:01, C*03:29, C*07:312, DQA1*01:02:01:01, DQA1*05:01:01:01, DQB1*02:01:01, DQB1*06:02:01, DRB1*03:01:01:01, DRB1*15:01:01:01
SRR13280730, A*02:103, A*02:127, B*15:47:01, B*57:01:06, C*03:140, C*06:02:32, DQA1*03:01:01, DQA1*03:01:01, DQB1*03:01:01:01, DQB1*03:02:01, DRB1*04:01:01, DRB1*04:01:01
SRR13280731, A*02:01:108, A*02:348, B*13:02:13, B*15:158, C*03:10, C*06:02:01:01, DQA1*02:01, DQA1*03:01:01, DQB1*02:02:01, DQB1*03:02:01, DRB1*04:01:01, DRB1*07:01:01:01
SRR13280732, A*02:01:99, A*02:01:99, B*08:01:01, B*08:01:01, C*01:58, C*07:01:01:01, DQA1*03:03:01, DQA1*05:01:01:01, DQB1*02:01:01, DQB1*03:01:01:01, DRB1*03:01:01:01, DRB1*04:20
SRR13280733, A*02:01:47, A*03:01:21, B*35:01:32, B*44:02:15, C*04:01:42, C*05:01:01:01, DQA1*01:12, DQA1*03:01:01, DQB1*03:165, DQB1*05:01:01:01, DRB1*01:32, DRB1*04:01:01
SRR13280734, A*01:01:58, A*01:01:64, B*08:01:01, B*08:01:01, C*07:01:04, C*07:02:19, DQA1*01:02:01:01, DQA1*05:01:01:01, DQB1*02:01:01, DQB1*06:02:01, DRB1*03:01:08, DRB1*15:01:01:01
SRR13280735, A*02:01:47, A*03:08, B*07:02:36, B*46:26, C*03:03:17, C*07:02:01:01, DQA1*01:07, DQA1*03:01:01, DQB1*03:32, DQB1*05:03:01:01, DRB1*04:20, DRB1*14:01:01
SRR13280736, A*02:158, A*02:432, B*15:187, B*44:02:08, C*03:04:20, C*05:93, DQA1*01:01:01, DQA1*03:03:01, DQB1*03:01:01:01, DQB1*05:01:01:01, DRB1*01:01:01, DRB1*04:01:01
SRR13280737, A*03:01:07, A*11:01:01, B*07:23, B*40:113, C*03:04:01:01, C*07:02:01:01, DQA1*01:03:01:01, DQA1*05:01:01:01, DQB1*02:01:01, DQB1*06:14:01, DRB1*03:01:01:01, DRB1*13:01:01
SRR13280738, A*01:45, A*24:79, B*08:115, B*27:04:01, C*02:02:03, C*07:01:07, DQA1*01:02:01:01, DQA1*05:01:01:01, DQB1*02:01:01, DQB1*06:02:01, DRB1*03:01:05, DRB1*15:01:01:01
SRR13280739, A*01:01:01:01, A*03:26, B*08:01:01, B*08:01:01, C*07:01:15, C*07:02:10, DQA1*01:02:01:01, DQA1*05:01:01:01, DQB1*02:01:01, DQB1*06:02:01, DRB1*03:01:01:01, DRB1*15:01:17
SRR13280740, A*02:432, A*02:48, B*15:180, B*57:01:06, C*03:140, C*06:02:32, DQA1*03:03:01, DQA1*03:03:01, DQB1*03:01:01:01, DQB1*03:02:01, DRB1*04:01:01, DRB1*08:04:02
