ERR,A,A1,B,B1,C,C1
ERR188021,A*01:01,A*24:02,B*41:02,B*57:29,C*06:02,C*06:02
ERR188023,A*01:01,A*01:01,B*002:0,B*005:0,C*01:08,C*01:08
ERR188025,A*01:01,A*01:01,B*01:01,B*01:01,C*01:08,C*07:04
ERR188026,A*01:01,A*01:02,B*01:01,B*01:01,C*01:08,C*07:01
ERR188027,A*02:01,A*02:01,B*13:02,B*55:02,C*06:02,C*07:01
ERR188028,A*01:01,A*01:02,B*005:0,B*005:0,C*06:02,C*08:02
ERR188029,A*01:01,A*01:01,B*01:01,B*01:01,C*16:01,C*16:04
ERR188030,A*01:01,A*01:01,B*01:01,B*01:01,C*04:01,C*04:01
ERR188031,A*03:01,A*31:01,B*51:01,B*51:01,C*04:01,C*04:01
ERR188032,A*01:01,A*01:01,B*002:0,B*005:0,C*07:02,C*08:02
ERR188033,A*01:01,A*01:01,B*01:01,B*01:01,C*04:01,C*07:01
ERR188034,A*01:01,A*01:02,B*01:01,B*01:01,C*04:01,C*07:02
ERR188035,A*02:02,A*24:02,B*55:02,B*55:02,C*05:01,C*06:02
ERR188036,A*01:01,A*01:01,B*005:0,B*01:01,C*07:02,C*07:56
ERR188038,A*01:01,A*01:01,B*01:01,B*01:01,C*04:01,C*04:01
ERR188039,A*01:02,A*01:02,B*01:01,B*08:01,C*04:01,C*07:04
ERR188040,A*01:01,A*02:01,B*57:29,B*005:0,C*07:01,C*16:01
ERR188041,A*01:01,A*01:01,B*01:01,B*01:03,C*03:04,C*06:02
ERR188042,A*01:01,A*01:01,B*01:01,B*01:01,C*07:06,C*08:02
ERR188043,A*01:01,A*01:02,B*14:02,B*57:29,C*04:01,C*04:01
ERR188045,A*02:01,A*32:01,B*01:03,B*01:03,C*03:04,C*03:04
ERR188046,A*01:01,A*01:01,B*01:01,B*01:04,C*03:03,C*03:03
ERR188047,A*01:01,A*01:01,B*44:03,B*47:01,C*02:02,C*07:01
ERR188049,A*01:01,A*01:01,B*005:0,B*005:0,C*05:01,C*05:01
ERR188050,A*03:01,A*29:02,B*01:01,B*01:01,C*04:01,C*04:01
ERR188052,A*01:01,A*01:01,B*01:01,B*01:01,C*04:01,C*04:01
ERR188053,A*01:01,A*01:01,B*35:17,B*49:01,C*02:02,C*02:02
ERR188054,A*01:01,A*01:02,B*01:01,B*01:01,C*06:24,C*14:02
ERR188055,A*24:02,A*36:03,B*01:01,B*01:01,C*04:01,C*16:01
ERR188056,A*01:01,A*01:02,B*15:32,B*15:58,C*04:01,C*04:01
ERR188057,A*01:01,A*01:01,B*01:01,B*01:01,C*04:01,C*05:01
ERR188058,A*01:01,A*01:01,B*01:01,B*01:01,C*01:02,C*07:56
ERR188059,A*02:01,A*02:01,B*07:02,B*14:02,C*05:01,C*08:02
ERR188060,A*01:01,A*01:01,B*005:0,B*01:01,C*07:01,C*16:01
ERR188062,A*01:01,A*01:01,B*01:03,B*01:01,C*04:01,C*07:01
ERR188063,A*01:01,A*01:01,B*01:04,B*08:01,C*06:02,C*16:02
ERR188064,A*03:01,A*23:01,B*35:01,B*005:0,C*03:02,C*04:01
ERR188065,A*01:01,A*01:01,B*01:01,B*01:01,C*06:02,C*16:01
ERR188067,A*01:01,A*01:01,B*01:01,B*01:01,C*07:01,C*07:02
ERR188068,A*01:02,A*01:02,B*07:02,B*07:02,C*07:01,C*16:01
ERR188070,A*01:01,A*03:01,B*01:01,B*01:01,C*07:02,C*17:01
ERR188071,A*01:01,A*01:01,B*01:01,B*01:01,C*07:01,C*07:02
ERR188072,A*01:01,A*01:01,B*44:03,B*57:29,C*07:02,C*07:56
ERR188073,A*01:01,A*01:02,B*005:0,B*01:01,C*03:04,C*07:02
ERR188075,A*03:01,A*11:01,B*01:03,B*01:01,C*02:02,C*07:01
ERR188076,A*01:01,A*01:01,B*01:01,B*07:02,C*12:03,C*12:03
ERR188077,A*01:01,A*01:01,B*39:06,B*005:0,C*03:04,C*05:01
ERR188078,A*01:01,A*01:01,B*005:0,B*01:01,C*02:02,C*03:04
ERR188079,A*01:01,A*11:01,B*01:01,B*01:01,C*07:56,C*12:03
ERR188080,A*01:01,A*01:02,B*01:01,B*08:01,C*03:04,C*06:02
ERR188082,A*01:01,A*01:01,B*35:01,B*01:01,C*03:03,C*05:01
ERR188083,A*01:01,A*01:01,B*01:01,B*01:01,C*03:04,C*03:04
ERR188084,A*03:01,A*24:02,B*01:01,B*35:01,C*03:03,C*17:01
ERR188086,A*008:0,A*01:01,B*44:02,B*005:0,C*06:02,C*07:01
ERR188087,A*01:02,A*01:01,B*01:01,B*01:01,C*03:04,C*07:02
ERR188088,A*01:01,A*01:01,B*01:01,B*01:01,C*03:03,C*06:02
ERR188089,A*01:02,A*01:01,B*08:01,B*44:03,C*01:02,C*01:08
ERR188090,A*03:01,A*01:01,B*005:0,B*01:01,C*02:02,C*07:04
ERR188091,A*01:01,A*01:01,B*01:03,B*01:01,C*03:03,C*08:02
ERR188094,A*01:01,A*01:01,B*01:01,B*07:02,C*04:01,C*07:02
ERR188095,A*01:02,A*02:01,B*45:01,B*004:0,C*05:01,C*07:01
ERR188098,A*03:01,A*01:01,B*005:0,B*01:01,C*07:02,C*07:56
ERR188101,A*01:01,A*01:01,B*01:03,B*01:01,C*07:01,C*12:03
ERR188102,A*01:01,A*01:01,B*01:01,B*18:01,C*02:02,C*07:01
ERR188105,A*01:01,A*01:01,B*58:01,B*005:0,C*04:01,C*07:01
ERR188106,A*29:02,A*01:01,B*01:01,B*01:01,C*01:08,C*08:02
ERR188108,A*01:01,A*01:01,B*01:01,B*01:04,C*03:02,C*04:01
ERR188110,A*01:01,A*01:01,B*35:01,B*40:02,C*03:03,C*06:24
ERR188111,A*01:02,A*02:01,B*005:0,B*005:0,C*07:02,C*16:01
ERR188112,A*02:01,A*008:0,B*01:01,B*01:01,C*05:01,C*06:02
ERR188113,A*01:01,A*01:01,B*01:01,B*01:01,C*04:01,C*04:01
ERR188114,A*01:01,A*01:01,B*15:01,B*40:01,C*01:08,C*03:03
ERR188115,A*01:01,A*01:02,B*002:0,B*005:0,C*05:01,C*07:02
ERR188116,A*02:05,A*02:05,B*01:01,B*01:01,C*03:03,C*07:06
ERR188117,A*01:01,A*01:01,B*01:01,B*01:01,C*07:02,C*12:03
ERR188118,A*01:01,A*01:01,B*15:32,B*35:01,C*04:01,C*04:01
ERR188119,A*01:01,A*01:01,B*005:0,B*01:01,C*04:01,C*04:01
ERR188121,A*02:01,A*03:01,B*01:01,B*01:01,C*03:04,C*05:01
ERR188122,A*01:01,A*01:01,B*01:01,B*08:01,C*03:03,C*07:01
ERR188123,A*01:01,A*01:01,B*40:02,B*005:0,C*04:01,C*07:02
ERR188124,A*01:01,A*01:02,B*005:0,B*01:01,C*07:02,C*12:03
ERR188125,A*02:01,A*02:01,B*01:01,B*01:01,C*06:02,C*12:03
ERR188126,A*01:01,A*01:01,B*01:01,B*07:02,C*04:01,C*15:02
ERR188127,A*01:01,A*01:01,B*44:02,B*01:01,C*04:01,C*04:01
ERR188128,A*01:02,A*01:02,B*01:03,B*01:01,C*08:04,C*17:01
ERR188130,A*03:01,A*03:01,B*01:01,B*07:02,C*03:03,C*06:02
ERR188132,A*01:01,A*01:01,B*35:01,B*004:0,C*08:02,C*15:05
ERR188133,A*01:01,A*01:01,B*005:0,B*01:01,C*07:02,C*07:02
ERR188135,A*01:02,A*01:02,B*01:03,B*01:01,C*04:01,C*04:01
ERR188136,A*02:01,A*02:01,B*01:04,B*08:01,C*04:01,C*04:01
ERR188137,A*01:01,A*01:01,B*35:03,B*005:0,C*12:03,C*17:01
ERR188138,A*01:01,A*01:01,B*01:01,B*01:01,C*03:02,C*07:56
ERR188141,A*01:01,A*01:01,B*01:01,B*01:01,C*04:01,C*04:01
ERR188142,A*02:01,A*03:01,B*40:02,B*40:02,C*03:04,C*15:05
ERR188144,A*008:0,A*01:01,B*005:0,B*005:0,C*16:01,C*16:01
ERR188145,A*01:01,A*01:01,B*01:01,B*01:03,C*02:02,C*06:02
ERR188146,A*01:01,A*01:02,B*01:01,B*01:01,C*02:02,C*07:01
ERR188147,A*01:02,A*03:01,B*13:02,B*52:01,C*06:02,C*15:05
ERR188148,A*03:01,A*01:01,B*005:0,B*005:0,C*03:04,C*03:04
ERR188149,A*01:02,A*01:01,B*01:01,B*01:01,C*04:01,C*05:01
ERR188150,A*01:01,A*01:01,B*01:01,B*01:04,C*07:02,C*07:56
ERR188153,A*01:02,A*01:01,B*52:01,B*53:01,C*03:04,C*07:06
ERR188154,A*02:01,A*01:01,B*005:0,B*005:0,C*07:02,C*07:56
ERR188155,A*01:01,A*01:01,B*01:01,B*01:01,C*07:02,C*07:56
ERR188156,A*01:01,A*01:02,B*01:01,B*01:01,C*02:02,C*04:01
ERR188158,A*01:02,A*31:01,B*15:32,B*35:01,C*07:01,C*08:02
ERR188159,A*31:11,A*01:01,B*002:0,B*005:0,C*03:04,C*03:04
ERR188161,A*01:02,A*01:01,B*01:01,B*01:03,C*05:01,C*07:01
ERR188162,A*01:01,A*01:01,B*01:01,B*01:01,C*04:01,C*04:01
ERR188163,A*01:02,A*24:02,B*44:02,B*44:03,C*04:01,C*12:03
ERR188164,A*26:01,A*01:01,B*005:0,B*005:0,C*07:02,C*07:56
ERR188166,A*01:01,A*01:01,B*01:01,B*01:03,C*04:01,C*04:01
ERR188167,A*01:01,A*01:01,B*01:01,B*01:01,C*04:01,C*07:01
ERR188168,A*01:01,A*02:02,B*07:02,B*27:05,C*07:01,C*14:02
ERR188169,A*23:01,A*01:01,B*01:01,B*01:01,C*04:01,C*05:01
ERR188170,A*01:01,A*01:01,B*01:01,B*01:04,C*04:01,C*04:01
ERR188171,A*01:01,A*01:02,B*14:02,B*44:02,C*06:02,C*07:01
ERR188172,A*01:02,A*02:01,B*005:0,B*01:03,C*03:04,C*07:01
ERR188173,A*02:01,A*01:01,B*01:03,B*01:01,C*07:01,C*12:02
ERR188175,A*01:01,A*01:01,B*01:01,B*49:01,C*04:01,C*04:01
ERR188176,A*01:01,A*01:01,B*51:01,B*005:0,C*07:02,C*07:56
ERR188177,A*01:01,A*03:01,B*01:01,B*01:01,C*15:02,C*16:01
ERR188179,A*03:01,A*01:01,B*01:04,B*01:04,C*04:01,C*05:01
ERR188180,A*01:01,A*01:01,B*08:01,B*35:01,C*03:04,C*06:02
ERR188182,A*01:01,A*01:01,B*01:01,B*01:01,C*04:01,C*04:01
ERR188185,A*01:01,A*02:01,B*01:01,B*01:01,C*05:01,C*07:01
ERR188186,A*29:02,A*01:01,B*13:02,B*51:01,C*01:02,C*01:02
ERR188187,A*01:01,A*01:01,B*005:0,B*005:0,C*04:01,C*04:01
ERR188188,A*01:01,A*01:02,B*01:01,B*01:01,C*07:02,C*15:05
ERR188189,A*01:02,A*02:01,B*01:01,B*01:01,C*04:01,C*05:01
ERR188190,A*24:02,A*01:01,B*53:01,B*58:01,C*15:05,C*15:05
ERR188191,A*01:01,A*01:01,B*005:0,B*01:01,C*06:02,C*15:05
ERR188192,A*01:01,A*01:01,B*01:01,B*01:01,C*15:02,C*15:05
ERR188193,A*01:02,A*03:01,B*01:01,B*13:02,C*07:06,C*16:01
ERR188194,A*74:01,A*01:01,B*44:03,B*005:0,C*06:02,C*07:01
ERR188195,A*01:02,A*01:01,B*005:0,B*01:01,C*04:01,C*07:04
ERR188197,A*01:01,A*01:01,B*01:03,B*01:01,C*03:04,C*06:24
ERR188198,A*01:02,A*02:01,B*01:01,B*07:02,C*01:08,C*03:03
ERR188199,A*02:01,A*01:01,B*08:01,B*004:0,C*07:02,C*07:02
ERR188201,A*01:01,A*01:01,B*005:0,B*01:01,C*02:02,C*07:01
ERR188203,A*01:01,A*01:01,B*01:01,B*01:01,C*07:56,C*08:02
ERR188204,A*01:01,A*68:01,B*01:01,B*18:01,C*04:01,C*04:01
ERR188205,A*68:01,A*004,B*44:03,B*005:0,C*07:02,C*07:56
ERR188206,A*01:02,A*01:02,B*01:01,B*01:01,C*06:24,C*07:01
ERR188207,A*01:01,A*01:01,B*01:04,B*01:04,C*16:01,C*17:01
ERR188208,A*01:01,A*01:02,B*07:02,B*41:01,C*15:05,C*15:17
ERR188210,A*32:01,A*33:03,B*005:0,B*005:0,C*05:01,C*05:01
ERR188212,A*01:01,A*01:01,B*01:01,B*01:01,C*07:04,C*15:05
ERR188213,A*01:01,A*01:01,B*01:01,B*01:01,C*04:01,C*04:01
ERR188215,A*01:01,A*01:02,B*07:02,B*08:01,C*04:01,C*04:01
ERR188217,A*02:01,A*02:01,B*01:01,B*01:03,C*02:02,C*07:04
ERR188218,A*01:01,A*01:01,B*01:01,B*01:01,C*04:01,C*04:01
ERR188219,A*01:01,A*01:01,B*07:02,B*07:02,C*03:03,C*07:01
ERR188222,A*01:01,A*01:01,B*004:0,B*005:0,C*07:01,C*07:01
ERR188224,A*01:01,A*03:01,B*01:01,B*01:03,C*04:01,C*04:01
ERR188225,A*01:01,A*01:01,B*01:01,B*01:01,C*01:02,C*08:04
ERR188229,A*01:01,A*01:01,B*07:02,B*40:01,C*07:02,C*07:56
ERR188230,A*01:02,A*01:02,B*005:0,B*01:01,C*07:56,C*15:02
ERR188231,A*02:01,A*03:01,B*01:01,B*01:01,C*07:02,C*07:56
ERR188232,A*01:01,A*01:01,B*01:01,B*08:01,C*04:01,C*04:01
ERR188233,A*01:01,A*01:01,B*08:01,B*005:0,C*05:01,C*05:01
ERR188234,A*01:01,A*01:02,B*01:01,B*01:01,C*07:02,C*07:56
ERR188235,A*03:01,A*30:04,B*01:01,B*01:01,C*15:17,C*15:17
ERR188236,A*01:01,A*01:01,B*15:01,B*18:01,C*03:04,C*07:02
ERR188237,A*01:01,A*01:01,B*002:0,B*005:0,C*05:01,C*12:03
ERR188238,A*01:01,A*01:02,B*01:01,B*01:01,C*04:01,C*04:01
ERR188239,A*01:01,A*03:01,B*01:01,B*01:01,C*04:01,C*04:01
ERR188240,A*01:01,A*01:01,B*44:02,B*44:02,C*02:02,C*07:01
ERR188241,A*01:01,A*01:01,B*002:0,B*005:0,C*03:04,C*07:01
ERR188242,A*01:02,A*01:02,B*01:01,B*01:03,C*03:04,C*03:04
ERR188243,A*02:01,A*02:01,B*01:01,B*01:01,C*06:02,C*16:01
ERR188245,A*01:01,A*01:02,B*27:05,B*40:01,C*02:02,C*08:02
ERR188246,A*01:01,A*01:01,B*005:0,B*01:01,C*02:02,C*06:02
ERR188247,A*01:01,A*01:01,B*01:01,B*01:01,C*06:02,C*16:01
ERR188248,A*01:01,A*24:02,B*01:01,B*07:02,C*07:01,C*07:02
ERR188249,A*01:01,A*01:01,B*35:03,B*01:01,C*03:04,C*07:01
ERR188250,A*01:01,A*01:01,B*01:01,B*01:01,C*03:03,C*07:01
ERR188251,A*01:02,A*01:02,B*01:01,B*40:01,C*07:01,C*14:03
ERR188252,A*01:01,A*68:01,B*57:29,B*01:01,C*05:01,C*08:02
ERR188253,A*01:01,A*01:01,B*01:01,B*01:01,C*14:02,C*15:05
ERR188254,A*01:01,A*01:01,B*01:01,B*44:02,C*07:01,C*12:03
ERR188255,A*01:01,A*01:02,B*55:02,B*005:0,C*03:04,C*12:03
ERR188257,A*11:01,A*26:01,B*005:0,B*01:01,C*06:02,C*07:02
ERR188258,A*01:01,A*01:02,B*01:03,B*01:01,C*07:02,C*07:02
ERR188259,A*01:01,A*01:01,B*01:01,B*40:01,C*12:03,C*12:03
ERR188260,A*01:01,A*01:02,B*40:01,B*005:0,C*02:02,C*07:04
ERR188262,A*02:01,A*02:01,B*01:01,B*01:01,C*03:03,C*06:02
ERR188263,A*008:0,A*01:01,B*01:01,B*01:01,C*04:01,C*04:01
ERR188264,A*01:01,A*01:01,B*15:32,B*41:01,C*04:01,C*04:01
ERR188266,A*01:01,A*01:01,B*005:0,B*005:0,C*03:04,C*07:02
ERR188267,A*01:01,A*02:01,B*01:01,B*01:03,C*04:01,C*04:01
ERR188270,A*02:01,A*01:01,B*01:01,B*01:01,C*05:01,C*06:02
ERR188271,A*01:01,A*01:01,B*13:02,B*49:01,C*01:02,C*01:02
ERR188272,A*01:01,A*01:02,B*005:0,B*01:01,C*07:02,C*07:56
ERR188273,A*01:02,A*03:01,B*01:01,B*01:01,C*02:10,C*07:01
ERR188274,A*03:02,A*01:01,B*01:04,B*07:02,C*01:08,C*07:02
ERR188275,A*01:01,A*01:01,B*40:01,B*01:01,C*02:02,C*02:02
ERR188276,A*01:01,A*01:01,B*01:01,B*01:01,C*01:08,C*07:01
ERR188278,A*01:02,A*01:01,B*01:04,B*55:01,C*03:02,C*07:01
ERR188280,A*02:01,A*01:01,B*57:29,B*005:0,C*03:04,C*07:02
ERR188281,A*01:01,A*01:01,B*01:01,B*01:01,C*05:01,C*07:01
ERR188282,A*01:01,A*01:01,B*01:01,B*01:01,C*07:02,C*16:01
ERR188284,A*01:01,A*02:01,B*47:01,B*47:01,C*17:01,C*17:01
ERR188285,A*02:01,A*01:01,B*005:0,B*01:01,C*06:02,C*08:02
ERR188286,A*01:01,A*01:01,B*01:01,B*01:01,C*05:01,C*16:04
ERR188287,A*01:01,A*01:01,B*01:04,B*15:18,C*05:01,C*06:02
ERR188289,A*01:01,A*02:01,B*40:02,B*005:0,C*02:02,C*07:02
ERR188290,A*02:01,A*01:01,B*01:01,B*01:01,C*07:01,C*12:03
ERR188293,A*01:01,A*01:01,B*01:01,B*01:01,C*07:02,C*08:02
ERR188294,A*01:01,A*01:01,B*14:02,B*14:02,C*04:01,C*04:01
ERR188295,A*01:01,A*02:01,B*005:0,B*005:0,C*05:01,C*12:03
ERR188296,A*02:01,A*008:0,B*01:01,B*01:01,C*03:03,C*06:02
ERR188299,A*01:01,A*01:01,B*01:01,B*01:01,C*03:04,C*14:02
ERR188300,A*01:01,A*01:01,B*51:01,B*78:01,C*01:02,C*03:04
ERR188301,A*01:01,A*01:01,B*005:0,B*01:01,C*07:02,C*15:05
ERR188302,A*02:01,A*23:01,B*01:03,B*01:01,C*02:02,C*03:03
ERR188303,A*01:01,A*01:02,B*01:01,B*08:01,C*04:01,C*04:01
ERR188304,A*01:01,A*01:01,B*44:02,B*005:0,C*04:01,C*04:01
ERR188305,A*01:01,A*01:02,B*01:01,B*01:01,C*07:01,C*07:01
ERR188306,A*03:01,A*24:02,B*01:01,B*01:01,C*07:02,C*07:06
ERR188307,A*01:01,A*01:01,B*07:02,B*07:02,C*02:02,C*06:02
ERR188309,A*01:01,A*01:01,B*005:0,B*01:01,C*02:02,C*02:02
ERR188310,A*01:01,A*01:02,B*01:01,B*01:01,C*03:04,C*12:03
ERR188312,A*11:01,A*32:01,B*01:01,B*08:01,C*04:01,C*05:01
ERR188314,A*01:01,A*01:01,B*18:01,B*005:0,C*03:04,C*07:01
ERR188315,A*01:01,A*01:01,B*01:01,B*01:01,C*02:02,C*07:01
ERR188316,A*01:01,A*01:01,B*01:01,B*01:01,C*07:02,C*14:02
ERR188317,A*02:01,A*03:01,B*18:01,B*27:05,C*07:02,C*15:05
ERR188318,A*01:01,A*01:01,B*005:0,B*01:01,C*04:01,C*04:01
ERR188319,A*01:01,A*01:01,B*01:01,B*01:01,C*03:04,C*05:01
ERR188320,A*01:01,A*01:02,B*01:01,B*18:01,C*03:04,C*05:01
ERR188321,A*02:01,A*02:01,B*44:03,B*005:0,C*02:02,C*03:04
ERR188323,A*01:01,A*01:01,B*005:0,B*01:01,C*01:02,C*07:01
ERR188324,A*01:01,A*01:01,B*01:01,B*01:01,C*05:01,C*05:01
ERR188326,A*01:01,A*01:02,B*01:01,B*14:02,C*04:01,C*04:01
ERR188327,A*02:01,A*02:01,B*14:02,B*005:0,C*06:02,C*07:02
ERR188328,A*01:01,A*01:01,B*005:0,B*01:01,C*05:01,C*07:01
ERR188329,A*01:01,A*01:01,B*01:03,B*01:01,C*04:01,C*06:02
ERR188330,A*01:01,A*01:01,B*01:04,B*35:01,C*05:01,C*07:02
ERR188331,A*02:01,A*26:01,B*58:01,B*005:0,C*05:01,C*07:01
ERR188332,A*01:01,A*01:02,B*01:01,B*01:01,C*01:02,C*07:02
ERR188333,A*01:01,A*01:01,B*01:01,B*01:01,C*01:08,C*15:02
ERR188334,A*01:02,A*01:02,B*57:29,B*57:29,C*04:01,C*04:01
ERR188335,A*01:01,A*02:01,B*01:01,B*01:01,C*07:02,C*07:56
ERR188336,A*008:0,A*01:01,B*01:01,B*01:04,C*07:02,C*07:56
ERR188337,A*01:02,A*01:01,B*39:01,B*44:03,C*06:02,C*12:03
ERR188338,A*01:01,A*01:02,B*004:0,B*005:0,C*05:01,C*06:02
ERR188340,A*01:02,A*03:01,B*01:01,B*01:03,C*05:01,C*05:01
ERR188341,A*03:01,A*01:01,B*01:01,B*01:01,C*01:08,C*03:03
ERR188342,A*01:01,A*01:01,B*37:01,B*44:02,C*02:02,C*05:01
ERR188343,A*01:01,A*01:01,B*002:0,B*005:0,C*04:01,C*05:01
ERR188345,A*01:02,A*03:01,B*01:01,B*01:03,C*06:02,C*06:02
ERR188346,A*25:01,A*01:01,B*01:01,B*01:01,C*02:02,C*05:01
ERR188347,A*01:01,A*01:01,B*35:01,B*40:01,C*07:01,C*14:02
ERR188348,A*01:01,A*01:01,B*004:0,B*005:0,C*06:02,C*07:01
ERR188351,A*01:01,A*02:01,B*01:01,B*01:01,C*07:02,C*07:06
ERR188353,A*24:02,A*01:01,B*01:01,B*01:01,C*07:01,C*12:03
ERR188355,A*01:01,A*01:01,B*15:32,B*27:05,C*06:02,C*17:01
ERR188357,A*01:01,A*01:01,B*002:0,B*005:0,C*04:01,C*04:01
ERR188358,A*01:02,A*01:01,B*01:01,B*01:03,C*04:01,C*04:01
ERR188360,A*02:01,A*01:01,B*01:01,B*01:04,C*12:03,C*12:03
ERR188361,A*01:01,A*01:01,B*07:02,B*44:02,C*07:02,C*07:56
ERR188362,A*01:01,A*01:01,B*004:0,B*005:0,C*03:03,C*03:04
ERR188363,A*01:01,A*02:01,B*01:01,B*01:03,C*04:01,C*04:01
ERR188366,A*03:01,A*01:01,B*01:01,B*01:01,C*02:02,C*05:01
ERR188367,A*01:01,A*01:01,B*08:01,B*08:01,C*02:02,C*17:01
ERR188368,A*01:01,A*01:02,B*01:01,B*01:01,C*04:01,C*07:02
ERR188369,A*01:02,A*11:01,B*01:01,B*01:01,C*02:02,C*15:02
ERR188370,A*33:03,A*01:01,B*07:02,B*18:01,C*01:08,C*01:08
ERR188371,A*01:01,A*01:01,B*005:0,B*01:01,C*03:03,C*05:01
ERR188372,A*01:01,A*01:01,B*01:01,B*01:01,C*07:02,C*07:56
ERR188373,A*01:02,A*01:01,B*01:01,B*15:01,C*02:10,C*08:02
ERR188374,A*24:02,A*01:02,B*55:02,B*005:0,C*05:01,C*07:02
ERR188375,A*01:02,A*01:01,B*005:0,B*01:01,C*02:02,C*07:01
ERR188376,A*01:01,A*01:01,B*01:01,B*01:01,C*03:04,C*03:04
ERR188377,A*01:01,A*02:01,B*01:01,B*38:01,C*04:01,C*05:01
ERR188378,A*29:02,A*01:01,B*38:01,B*002:0,C*03:04,C*03:04
ERR188379,A*01:01,A*01:01,B*005:0,B*01:01,C*03:04,C*05:01
ERR188380,A*01:01,A*01:01,B*01:01,B*01:01,C*04:01,C*04:01
ERR188381,A*01:02,A*02:01,B*01:01,B*07:02,C*03:03,C*07:06
ERR188383,A*24:02,A*008:0,B*44:02,B*005:0,C*05:01,C*16:02
ERR188384,A*01:01,A*01:01,B*01:01,B*01:01,C*12:03,C*12:03
ERR188385,A*01:01,A*01:01,B*01:01,B*01:01,C*04:01,C*04:01
ERR188386,A*01:01,A*01:02,B*08:01,B*08:01,C*07:01,C*08:02
ERR188387,A*03:01,A*68:01,B*005:0,B*005:0,C*06:24,C*07:02
ERR188389,A*01:01,A*01:01,B*01:01,B*01:01,C*03:04,C*07:01
ERR188392,A*01:01,A*01:01,B*01:01,B*01:01,C*03:02,C*08:04
ERR188393,A*01:01,A*01:01,B*07:02,B*07:02,C*04:01,C*04:01
ERR188394,A*03:01,A*11:01,B*004:0,B*005:0,C*05:01,C*12:03
ERR188395,A*01:01,A*01:01,B*01:01,B*01:01,C*03:04,C*07:04
ERR188397,A*01:01,A*01:01,B*01:01,B*01:01,C*02:02,C*06:02
ERR188398,A*01:01,A*01:02,B*07:02,B*38:01,C*07:02,C*14:02
ERR188399,A*03:01,A*24:02,B*005:0,B*01:01,C*04:01,C*05:01
ERR188400,A*01:01,A*01:01,B*01:01,B*01:01,C*12:03,C*16:01
ERR188401,A*01:01,A*01:01,B*01:01,B*13:02,C*04:01,C*04:01
ERR188402,A*01:02,A*01:02,B*38:01,B*005:0,C*06:02,C*14:78
ERR188403,A*11:01,A*11:01,B*01:01,B*01:01,C*06:24,C*15:05
ERR188405,A*01:01,A*01:01,B*01:01,B*01:01,C*03:03,C*18:02
ERR188406,A*01:01,A*01:01,B*35:02,B*51:01,C*05:01,C*07:01
ERR188408,A*01:01,A*01:01,B*005:0,B*01:01,C*04:01,C*12:03
ERR188410,A*03:01,A*26:01,B*01:03,B*01:01,C*06:06,C*15:05
ERR188411,A*01:01,A*01:01,B*01:01,B*39:01,C*16:04,C*16:04
ERR188412,A*01:01,A*01:01,B*39:01,B*005:0,C*04:01,C*04:01
ERR188414,A*01:02,A*01:02,B*01:01,B*01:01,C*04:01,C*04:01
ERR188415,A*02:01,A*69:01,B*01:01,B*01:04,C*04:01,C*04:01
ERR188416,A*01:01,A*01:02,B*42:01,B*81:01,C*07:01,C*07:02
ERR188417,A*01:01,A*01:01,B*002:0,B*005:0,C*05:01,C*07:01
ERR188418,A*01:02,A*01:02,B*01:01,B*01:01,C*03:04,C*06:02
ERR188419,A*03:01,A*26:01,B*01:01,B*01:04,C*06:02,C*16:01
ERR188422,A*01:01,A*01:01,B*57:01,B*57:29,C*04:01,C*04:01
ERR188424,A*01:01,A*01:01,B*005:0,B*01:01,C*04:01,C*04:01
ERR188425,A*01:01,A*01:02,B*01:01,B*01:01,C*03:04,C*03:35
ERR188426,A*03:01,A*11:01,B*01:01,B*07:05,C*03:04,C*15:02
ERR188427,A*01:01,A*01:01,B*14:02,B*005:0,C*16:04,C*18:02
ERR188428,A*01:01,A*01:01,B*005:0,B*01:01,C*07:01,C*07:04
ERR188430,A*01:01,A*01:01,B*01:01,B*01:01,C*04:01,C*04:01
ERR188431,A*01:01,A*24:02,B*01:01,B*07:02,C*04:01,C*07:04
ERR188432,A*01:01,A*01:02,B*07:02,B*01:01,C*01:02,C*04:01
ERR188433,A*01:01,A*01:01,B*01:01,B*01:01,C*03:04,C*05:01
ERR188434,A*01:02,A*01:02,B*01:01,B*35:03,C*08:04,C*16:01
ERR188435,A*03:01,A*03:01,B*51:01,B*005:0,C*05:01,C*08:27
ERR188436,A*01:01,A*01:01,B*01:01,B*01:01,C*07:01,C*15:02
ERR188437,A*01:01,A*01:01,B*01:01,B*01:01,C*12:03,C*16:01
ERR188438,A*01:01,A*01:01,B*35:01,B*40:01,C*07:02,C*07:04
ERR188439,A*02:01,A*24:02,B*005:0,B*01:01,C*03:03,C*15:05
ERR188440,A*01:01,A*01:01,B*01:01,B*01:01,C*07:02,C*16:04
ERR188443,A*01:01,A*01:01,B*01:01,B*08:01,C*02:02,C*16:04
ERR188444,A*01:02,A*01:02,B*18:01,B*002:0,C*07:02,C*07:56
ERR188445,A*24:02,A*24:02,B*005:0,B*01:01,C*03:04,C*07:04
ERR188448,A*01:01,A*01:01,B*01:01,B*01:01,C*03:04,C*07:06
ERR188450,A*01:01,A*01:01,B*01:01,B*07:02,C*05:01,C*07:56
ERR188452,A*01:01,A*01:02,B*58:01,B*005:0,C*05:01,C*07:02
ERR188453,A*01:01,A*24:02,B*01:01,B*01:03,C*03:03,C*03:03
ERR188454,A*01:01,A*01:01,B*01:01,B*01:01,C*03:02,C*07:01
ERR188455,A*01:01,A*01:01,B*35:01,B*39:01,C*04:01,C*04:01
ERR188456,A*01:01,A*01:02,B*004:0,B*005:0,C*07:02,C*07:02
ERR188457,A*02:01,A*32:01,B*01:01,B*01:01,C*01:02,C*07:01
ERR188458,A*01:01,A*01:01,B*01:01,B*01:04,C*04:01,C*05:01
ERR188459,A*01:01,A*01:01,B*51:01,B*52:01,C*04:01,C*04:01
ERR188460,A*01:01,A*01:02,B*005:0,B*01:01,C*04:01,C*05:01
ERR188461,A*36:03,A*68:02,B*01:01,B*01:01,C*12:03,C*16:01
ERR188462,A*01:01,A*01:01,B*01:01,B*44:03,C*03:04,C*06:02
ERR188464,A*01:01,A*01:01,B*44:03,B*005:0,C*02:02,C*02:02
ERR188465,A*01:02,A*01:02,B*005:0,B*01:01,C*08:02,C*14:02
ERR188466,A*01:01,A*25:01,B*01:01,B*01:01,C*06:02,C*06:02
ERR188467,A*01:01,A*01:01,B*01:01,B*13:02,C*06:02,C*06:24
ERR188468,A*01:01,A*01:01,B*51:01,B*005:0,C*04:01,C*04:01
ERR188469,A*01:01,A*01:02,B*005:0,B*01:01,C*05:01,C*07:04
ERR188471,A*03:01,A*32:01,B*01:01,B*01:01,C*04:01,C*04:01
ERR188472,A*01:01,A*01:02,B*01:01,B*40:02,C*04:01,C*04:01
ERR188473,A*01:01,A*01:01,B*41:01,B*005:0,C*07:02,C*07:56
ERR188474,A*01:01,A*01:01,B*005:0,B*01:01,C*07:02,C*07:56
ERR188475,A*03:01,A*03:01,B*01:03,B*01:01,C*04:01,C*05:01
ERR188476,A*01:01,A*01:01,B*01:04,B*35:02,C*04:01,C*08:02
ERR188479,A*01:01,A*01:01,B*51:01,B*005:0,C*02:02,C*07:01
ERR188480,A*01:02,A*01:02,B*01:01,B*01:01,C*01:08,C*05:01
ERR188481,A*03:01,A*03:01,B*01:01,B*01:01,C*05:01,C*07:02
ERR188482,A*01:01,A*01:02,B*08:01,B*37:01,C*04:01,C*04:01
ERR204820,A*01:01,A*01:01,B*01:01,B*01:03,C*17:01,C*17:01
ERR204821,A*01:01,A*01:01,B*01:01,B*01:01,C*16:01,C*18:02
ERR204823,A*02:01,A*11:01,B*35:01,B*44:02,C*05:01,C*07:01
ERR204824,A*01:01,A*01:01,B*004:0,B*005:0,C*06:02,C*16:01
ERR204825,A*01:01,A*01:01,B*01:01,B*01:01,C*04:01,C*08:02
ERR204826,A*01:01,A*01:02,B*01:01,B*01:01,C*07:01,C*07:02
ERR204827,A*02:01,A*02:01,B*07:02,B*07:02,C*02:02,C*03:03
ERR204828,A*01:02,A*01:02,B*005:0,B*005:0,C*07:02,C*07:56
ERR204829,A*01:01,A*01:01,B*01:01,B*01:03,C*03:02,C*07:01
ERR204830,A*01:01,A*01:02,B*01:01,B*01:01,C*07:02,C*15:05
ERR204831,A*03:01,A*33:03,B*55:02,B*58:01,C*06:02,C*16:01
ERR204832,A*01:01,A*01:01,B*002:0,B*005:0,C*07:01,C*14:02
ERR204834,A*01:01,A*01:01,B*01:01,B*01:01,C*06:02,C*06:02
ERR204835,A*01:02,A*01:02,B*01:01,B*01:01,C*07:01,C*16:01
ERR204837,A*03:01,A*32:01,B*08:01,B*39:01,C*07:02,C*07:56
ERR204838,A*002:0,A*01:01,B*005:0,B*01:01,C*01:02,C*07:04
ERR204841,A*01:02,A*01:01,B*01:01,B*01:01,C*07:56,C*15:13
ERR204844,A*01:01,A*01:01,B*01:01,B*07:02,C*07:01,C*07:02
ERR204845,A*01:02,A*02:01,B*37:01,B*005:0,C*01:02,C*08:04
ERR204846,A*02:01,A*01:01,B*005:0,B*01:01,C*06:02,C*16:01
ERR204848,A*01:01,A*01:01,B*01:03,B*01:01,C*02:02,C*07:04
ERR204850,A*01:01,A*01:01,B*01:01,B*15:32,C*04:01,C*07:02
ERR204851,A*01:01,A*02:01,B*27:05,B*005:0,C*04:01,C*04:01
ERR204853,A*23:01,A*004,B*01:01,B*01:01,C*05:01,C*05:01
ERR204854,A*01:01,A*01:02,B*01:01,B*01:04,C*06:02,C*16:01
ERR204855,A*01:01,A*01:01,B*14:02,B*58:01,C*04:01,C*16:01
ERR204856,A*01:01,A*01:01,B*005:0,B*005:0,C*07:02,C*08:02
ERR204857,A*02:01,A*29:01,B*01:01,B*01:03,C*02:02,C*07:01
ERR204860,A*01:01,A*01:01,B*01:01,B*01:01,C*04:01,C*16:01
ERR204862,A*01:01,A*01:01,B*40:01,B*40:01,C*06:02,C*06:02
ERR204863,A*01:01,A*01:01,B*005:0,B*01:01,C*04:01,C*04:01
ERR204864,A*02:01,A*03:01,B*01:03,B*01:01,C*03:03,C*03:04
ERR204865,A*01:01,A*01:02,B*01:01,B*07:02,C*04:01,C*04:01
ERR204867,A*01:01,A*01:01,B*44:02,B*005:0,C*07:02,C*07:56
ERR204869,A*01:01,A*01:01,B*01:03,B*01:01,C*04:01,C*07:04
ERR204870,A*02:01,A*02:01,B*01:04,B*42:01,C*01:02,C*06:02
ERR204872,A*01:01,A*01:02,B*42:01,B*005:0,C*04:01,C*05:01
ERR204873,A*01:01,A*01:01,B*01:01,B*01:01,C*03:02,C*04:01
ERR204874,A*01:01,A*01:01,B*01:01,B*01:04,C*07:02,C*15:05
ERR204876,A*02:01,A*02:01,B*15:32,B*38:01,C*06:02,C*07:01
ERR204879,A*01:01,A*01:02,B*005:0,B*01:01,C*03:03,C*07:01
ERR204881,A*01:01,A*01:01,B*01:03,B*01:01,C*07:02,C*07:56
ERR204882,A*01:01,A*01:02,B*01:04,B*07:02,C*07:01,C*07:04
ERR204883,A*02:01,A*32:01,B*07:02,B*005:0,C*06:02,C*06:12
ERR204884,A*01:01,A*01:01,B*01:01,B*01:01,C*04:01,C*04:01
ERR204885,A*01:01,A*01:01,B*01:01,B*01:01,C*02:02,C*06:02
ERR204886,A*01:01,A*01:01,B*35:02,B*40:01,C*07:02,C*07:56
ERR204887,A*02:01,A*24:02,B*005:0,B*005:0,C*02:02,C*05:01
ERR204890,A*01:01,A*01:01,B*01:01,B*01:01,C*07:01,C*07:01
ERR204894,A*01:01,A*01:01,B*01:01,B*01:01,C*03:03,C*07:01
ERR204895,A*01:01,A*01:01,B*08:01,B*35:03,C*07:04,C*07:04
ERR204900,A*11:01,A*24:02,B*005:0,B*01:01,C*03:04,C*05:01
ERR204901,A*001,A*01:01,B*01:01,B*01:01,C*06:02,C*16:01
ERR204902,A*01:02,A*01:01,B*01:01,B*18:01,C*04:01,C*12:03
ERR204905,A*01:01,A*01:01,B*51:01,B*002:0,C*04:01,C*04:01
ERR204907,A*01:02,A*02:01,B*005:0,B*01:03,C*03:03,C*06:02
ERR204908,A*02:01,A*01:01,B*01:03,B*01:01,C*07:02,C*15:05
ERR204909,A*01:01,A*01:01,B*01:01,B*44:02,C*03:03,C*07:01
ERR204911,A*01:01,A*01:02,B*44:02,B*005:0,C*12:03,C*15:02
ERR204912,A*01:02,A*01:01,B*005:0,B*01:01,C*07:02,C*15:05
ERR204913,A*03:01,A*01:01,B*01:01,B*01:01,C*04:01,C*16:01
ERR204914,A*01:01,A*01:01,B*01:01,B*42:01,C*06:02,C*07:02
ERR204917,A*01:01,A*01:01,B*42:01,B*005:0,C*07:06,C*16:01
ERR204920,A*01:02,A*02:01,B*005:0,B*01:01,C*04:01,C*12:03
ERR204921,A*02:01,A*01:01,B*01:01,B*01:01,C*03:03,C*07:01
ERR204922,A*01:02,A*01:01,B*01:01,B*13:02,C*04:01,C*04:01
ERR204924,A*01:01,A*01:01,B*13:02,B*005:0,C*04:01,C*05:01
ERR204926,A*01:01,A*23:01,B*01:03,B*01:03,C*03:04,C*07:01
ERR204928,A*74:01,A*01:01,B*01:01,B*01:01,C*02:02,C*07:01
ERR204929,A*01:01,A*01:01,B*08:01,B*40:01,C*04:01,C*04:01
ERR204931,A*01:01,A*01:01,B*005:0,B*01:01,C*07:02,C*07:56
ERR204932,A*01:01,A*02:01,B*01:03,B*01:01,C*12:03,C*12:03
ERR204934,A*32:01,A*008:0,B*01:01,B*18:01,C*07:02,C*15:05
ERR204935,A*01:01,A*01:01,B*52:01,B*005:0,C*03:04,C*06:02
ERR204936,A*01:01,A*01:01,B*005:0,B*01:01,C*04:01,C*07:02
ERR204937,A*01:01,A*01:01,B*01:01,B*01:01,C*02:02,C*15:02
ERR204939,A*01:01,A*02:01,B*01:02,B*07:02,C*05:01,C*07:01
ERR204940,A*01:01,A*01:01,B*35:01,B*004:0,C*03:02,C*07:01
ERR204945,A*01:01,A*01:01,B*005:0,B*01:01,C*03:04,C*07:01
ERR204946,A*01:01,A*01:02,B*01:01,B*01:01,C*03:04,C*15:02
ERR204947,A*33:03,A*68:02,B*01:01,B*08:01,C*05:01,C*07:01
ERR204948,A*01:01,A*01:01,B*08:01,B*005:0,C*04:01,C*04:01
ERR204950,A*01:01,A*01:01,B*01:01,B*01:03,C*03:03,C*07:01
ERR204951,A*01:01,A*01:02,B*01:01,B*01:01,C*06:02,C*06:02
ERR204952,A*02:01,A*23:01,B*40:02,B*44:03,C*02:10,C*07:01
ERR204953,A*01:01,A*01:01,B*005:0,B*01:01,C*06:02,C*16:01
ERR204954,A*01:01,A*01:01,B*01:01,B*01:01,C*03:04,C*07:06
ERR204955,A*01:01,A*01:02,B*01:01,B*50:01,C*04:01,C*16:01
ERR204956,A*02:01,A*11:01,B*51:01,B*01:01,C*08:04,C*16:01
ERR204957,A*01:01,A*01:02,B*01:01,B*01:01,C*01:02,C*07:02
ERR204958,A*01:01,A*01:01,B*01:01,B*13:02,C*07:02,C*07:56
ERR204959,A*01:02,A*01:02,B*40:01,B*005:0,C*04:01,C*17:01
ERR204960,A*03:01,A*24:02,B*01:01,B*01:01,C*05:01,C*07:02
ERR204965,A*01:01,A*01:01,B*01:01,B*01:01,C*07:02,C*15:05
ERR204966,A*01:01,A*01:01,B*51:01,B*53:01,C*07:56,C*16:01
ERR204967,A*01:01,A*01:01,B*005:0,B*005:0,C*03:04,C*05:01
ERR204968,A*01:01,A*11:01,B*01:01,B*01:01,C*04:01,C*04:01
ERR204970,A*01:01,A*01:01,B*01:01,B*01:04,C*16:01,C*17:01
ERR204972,A*01:01,A*01:01,B*18:01,B*44:02,C*16:04,C*16:04
ERR204974,A*01:01,A*01:02,B*002:0,B*005:0,C*15:02,C*16:01
ERR204975,A*03:01,A*31:01,B*01:01,B*01:01,C*03:03,C*07:01
ERR204978,A*01:01,A*01:01,B*01:01,B*01:01,C*07:02,C*15:05
ERR204979,A*01:01,A*01:01,B*27:05,B*27:05,C*03:04,C*06:02
ERR204980,A*01:02,A*01:02,B*005:0,B*005:0,C*07:01,C*07:02
ERR204981,A*03:01,A*68:35,B*01:01,B*01:01,C*04:01,C*16:01
ERR204982,A*008:0,A*01:01,B*01:01,B*01:01,C*06:02,C*06:02
ERR204984,A*01:02,A*01:01,B*15:32,B*35:01,C*04:01,C*05:01
ERR204985,A*01:01,A*01:01,B*005:0,B*01:01,C*03:02,C*04:01
ERR204987,A*01:02,A*66:03,B*01:01,B*01:01,C*04:01,C*04:01
ERR204990,A*68:02,A*004,B*01:01,B*07:02,C*03:04,C*03:04
ERR204992,A*01:01,A*01:01,B*07:02,B*005:0,C*08:02,C*08:02
ERR204993,A*01:01,A*01:01,B*005:0,B*01:01,C*07:02,C*15:05
ERR204994,A*01:02,A*01:02,B*01:03,B*01:01,C*04:01,C*07:01
ERR204998,A*01:01,A*01:01,B*01:01,B*44:02,C*01:02,C*03:03
ERR204999,A*008:0,A*01:01,B*53:01,B*005:0,C*07:01,C*12:03
ERR205001,A*01:01,A*01:01,B*005:0,B*01:03,C*04:01,C*07:01
ERR205002,A*01:01,A*01:02,B*01:03,B*01:01,C*05:01,C*06:02
ERR205003,A*01:02,A*01:01,B*01:01,B*13:02,C*04:01,C*04:01
ERR205004,A*31:01,A*01:01,B*52:01,B*01:01,C*03:03,C*07:01
ERR205005,A*01:01,A*01:01,B*01:03,B*01:01,C*04:01,C*04:01
ERR205006,A*01:01,A*01:01,B*01:01,B*50:01,C*03:03,C*07:01
ERR205008,A*01:02,A*01:01,B*51:01,B*005:0,C*04:01,C*07:01
ERR205012,A*02:01,A*01:01,B*01:01,B*01:01,C*15:02,C*15:02
ERR205013,A*01:01,A*01:01,B*01:01,B*01:04,C*02:02,C*07:01
ERR205014,A*01:01,A*01:01,B*51:01,B*51:01,C*04:01,C*04:01
ERR205015,A*01:02,A*03:01,B*002:0,B*005:0,C*04:01,C*04:01
ERR205016,A*32:01,A*01:01,B*01:01,B*01:01,C*04:01,C*07:56
ERR205017,A*01:01,A*01:01,B*01:01,B*01:01,C*02:10,C*08:02
ERR205019,A*01:01,A*01:01,B*35:01,B*52:01,C*07:01,C*08:02
ERR205021,A*01:01,A*01:01,B*005:0,B*01:01,C*03:02,C*08:04
ERR205022,A*24:02,A*01:01,B*01:01,B*01:01,C*06:06,C*15:05
ERR205023,A*01:01,A*01:01,B*01:04,B*08:01,C*03:04,C*15:02
