,A,A.1,B,B.1,C,C.1,DRB1,DRB1.1,DQB1,DQB1.1
ERR188021,A:24:02,A:24:02,B:57:01,B:40:01,C:17:01,C:17:01,DRB1:13:12,DRB1:13:03,DQB1:03:01,DQB1:03:01
ERR188023,A:30:01,A:02:294,B:55:24,B:13:02,C:01:02,C:01:04,DRB1:04:01,DRB1:04:01,DQB1:03:02,DQB1:02:01
ERR188025,A:03:01,A:31:46,B:51:01,B:51:01,C:07:04,C:01:02,DRB1:16:01,DRB1:13:14,DQB1:05:02,DQB1:05:02
ERR188026,A:24:02,A:24:02,B:15:17,B:15:17,C:01:30,C:07:57,DRB1:11:01,DRB1:11:01,DQB1:06:04,DQB1:06:03
ERR188027,A:01:01,A:02:294,B:57:01,B:57:01,C:07:01,C:06:02,DRB1:07:01,DRB1:03:01,DQB1:03:01,DQB1:02:01
ERR188028,A:02:65,A:32:02,B:57:01,B:57:01,C:06:02,C:08:62,DRB1:07:01,DRB1:11:01,DQB1:03:03,DQB1:02:01
ERR188029,A:03:01,A:02:294,B:47:01,B:15:20,C:15:13,C:12:02,DRB1:07:01,DRB1:15:02,DQB1:02:01,DQB1:02:01
ERR188030,A:23:01,A:23:01,B:49:07,B:49:07,C:04:01,C:04:01,DRB1:13:27,DRB1:07:09,DQB1:05:01,DQB1:05:01
ERR188031,A:02:241,A:02:294,B:15:01,B:15:01,C:04:01,C:04:01,DRB1:01:01,DRB1:01:01,DQB1:05:01,DQB1:05:01
ERR188032,A:23:01,A:23:01,B:14:02,B:14:02,C:07:235,C:08:02,DRB1:12:01,DRB1:12:01,DQB1:06:02,DQB1:03:10
ERR188033,A:01:01,A:03:01,B:35:01,B:35:01,C:04:01,C:04:01,DRB1:01:01,DRB1:01:01,DQB1:05:01,DQB1:05:01
ERR188034,A:11:01,A:11:01,B:35:03,B:35:03,C:04:01,C:04:01,DRB1:11:01,DRB1:01:01,DQB1:05:01,DQB1:05:01
ERR188035,A:11:01,A:11:01,B:57:02,B:57:02,C:07:245,C:16:15,DRB1:07:01,DRB1:01:01,DQB1:03:03,DQB1:02:01
ERR188036,A:24:02,A:24:02,B:39:06,B:15:186,C:07:137,C:07:245,DRB1:04:04,DRB1:04:04,DQB1:03:02,DQB1:06:36
ERR188038,A:01:01,A:03:01,B:35:01,B:35:01,C:04:01,C:04:01,DRB1:01:01,DRB1:01:01,DQB1:05:01,DQB1:05:01
ERR188039,A:03:01,A:02:294,B:35:01,B:35:01,C:04:01,C:04:01,DRB1:01:01,DRB1:01:01,DQB1:05:01,DQB1:05:01
ERR188040,A:01:01,A:01:01,B:08:79,B:44:126,C:07:30,C:07:07,DRB1:03:01,DRB1:07:09,DQB1:02:07,DQB1:02:07
ERR188041,A:68:01,A:68:01,B:45:01,B:45:01,C:03:107,C:15:59,DRB1:04:05,DRB1:15:02,DQB1:06:02,DQB1:03:02
ERR188042,A:30:02,A:02:294,B:58:01,B:58:01,C:07:41,C:03:04,DRB1:07:09,DRB1:16:04,DQB1:02:02,DQB1:02:02
